dt,kw,nantum,hour,dow,alt,dp,db,cmd,heat_day,cool_day,db_24h,dp_24h,month,day,year,week,weekday
2021-07-12 00:00:00,309.151,-1.0,0.0,0.0,29.845,59.0,92.0,-1.0,0.0,0.3789583333333333,100.875,43.125,7,193,2021,28,1
2021-07-12 01:00:00,305.32500000000005,-1.0,1.0,0.0,29.81625,60.875,91.625,-1.0,0.0,0.3750520833333333,98.25,45.375,7,193,2021,28,1
2021-07-12 02:00:00,463.836,-1.0,2.0,0.0,29.81,61.375,91.0,-1.0,0.0,0.3685416666666666,97.0,45.625,7,193,2021,28,1
2021-07-12 03:00:00,521.549,-1.0,3.0,0.0,29.825,56.625,91.0,-1.0,0.0,0.3685416666666666,96.25,49.125,7,193,2021,28,1
2021-07-12 04:00:00,514.462,-1.0,4.0,0.0,29.8575,55.625,91.75,-1.0,0.0,0.37635416666666666,95.0,55.625,7,193,2021,28,1
2021-07-12 05:00:00,501.187,-1.0,5.0,0.0,29.8775,54.625,94.5,-1.0,0.0,0.40499999999999997,95.75,53.5,7,193,2021,28,1
2021-07-12 06:00:00,493.42400000000004,-1.0,6.0,0.0,29.89,54.75,97.75,-1.0,0.0,0.43885416666666666,98.125,52.125,7,193,2021,28,1
2021-07-12 07:00:00,486.0,-1.0,7.0,0.0,29.89,55.625,100.125,-1.0,0.0,0.46359375,100.75,54.0,7,193,2021,28,1
2021-07-12 08:00:00,487.35,-1.0,8.0,0.0,29.88625,53.125,103.125,-1.0,0.0,0.49484375,103.125,54.375,7,193,2021,28,1
2021-07-12 09:00:00,501.188,-1.0,9.0,0.0,29.87625,49.25,105.75,-1.0,0.0,0.5221875,105.375,55.0,7,193,2021,28,1
2021-07-12 10:00:00,505.34900000000005,-1.0,10.0,0.0,29.85875,47.625,107.75,-1.0,0.0,0.5430208333333333,106.75,54.25,7,193,2021,28,1
2021-07-12 11:00:00,500.738,-1.0,11.0,0.0,29.83625,48.125,109.0,-1.0,0.0,0.5560416666666667,108.75,52.625,7,193,2021,28,1
2021-07-12 12:00:00,511.19899999999996,-1.0,12.0,0.0,29.81875,50.0,110.125,-1.0,0.0,0.5677604166666667,110.75,52.0,7,193,2021,28,1
2021-07-12 13:00:00,512.999,-1.0,13.0,0.0,29.78875,51.125,112.0,-1.0,0.0,0.5872916666666667,112.0,51.625,7,193,2021,28,1
2021-07-12 14:00:00,504.9,-1.0,14.0,0.0,29.7625,52.625,111.625,-1.0,0.0,0.5833854166666667,112.375,49.875,7,193,2021,28,1
2021-07-12 15:00:00,503.212,-1.0,15.0,0.0,29.74625,52.375,111.0,-1.0,0.0,0.576875,113.0,48.0,7,193,2021,28,1
2021-07-12 16:00:00,473.063,-1.0,16.0,0.0,29.74,54.5,109.875,-1.0,0.0,0.56515625,112.25,48.75,7,193,2021,28,1
2021-07-12 17:00:00,150.526,-1.0,17.0,0.0,29.74,57.375,107.25,-1.0,0.0,0.5378125,109.875,49.625,7,193,2021,28,1
2021-07-12 18:00:00,136.012,-1.0,18.0,0.0,29.747500000000002,58.0,105.25,-1.0,0.0,0.5169791666666667,106.875,48.625,7,193,2021,28,1
2021-07-12 19:00:00,138.71300000000002,-1.0,19.0,0.0,29.77125,58.0,103.25,-1.0,0.0,0.4961458333333333,103.875,48.75,7,193,2021,28,1
2021-07-12 20:00:00,139.274,-1.0,20.0,0.0,29.81625,60.25,97.875,-1.0,0.0,0.44015624999999997,97.875,54.875,7,193,2021,28,1
2021-07-12 21:00:00,138.151,-1.0,21.0,0.0,29.88625,64.0,89.875,-1.0,0.0,0.3568229166666666,91.75,61.125,7,193,2021,28,1
2021-07-12 22:00:00,140.062,-1.0,22.0,0.0,29.94125,65.875,85.75,-1.0,0.0,0.3138541666666666,92.625,58.75,7,193,2021,28,1
2021-07-12 23:00:00,134.326,-1.0,23.0,0.0,29.94875,69.0,83.125,-1.0,0.0,0.2865104166666666,92.0,59.625,7,193,2021,28,1
2021-07-13 00:00:00,228.03699999999998,-1.0,0.0,1.0,29.91875,69.0,85.0,-1.0,0.0,0.3060416666666666,92.0,59.0,7,194,2021,28,1
2021-07-13 01:00:00,250.199,-1.0,1.0,1.0,29.90375,69.0,85.0,-1.0,0.0,0.3060416666666666,91.625,60.875,7,194,2021,28,1
2021-07-13 02:00:00,258.189,-1.0,2.0,1.0,29.90625,67.125,85.75,-1.0,0.0,0.31385416666666666,91.0,61.375,7,194,2021,28,1
2021-07-13 03:00:00,285.637,-1.0,3.0,1.0,29.9075,65.5,86.25,-1.0,0.0,0.31906249999999997,91.0,56.625,7,194,2021,28,1
2021-07-13 04:00:00,285.076,-1.0,4.0,1.0,29.935000000000002,67.625,85.75,-1.0,0.0,0.31385416666666666,91.75,55.625,7,194,2021,28,1
2021-07-13 05:00:00,309.824,-1.0,5.0,1.0,29.96375,66.625,87.375,-1.0,0.0,0.33078124999999997,94.5,54.625,7,194,2021,28,1
2021-07-13 06:00:00,585.6759999999999,-1.0,6.0,1.0,29.97375,64.875,89.5,-1.0,0.0,0.35291666666666666,97.75,54.75,7,194,2021,28,1
2021-07-13 07:00:00,576.674,-1.0,7.0,1.0,29.97625,62.25,92.375,-1.0,0.0,0.3828645833333333,100.125,55.625,7,194,2021,28,1
2021-07-13 08:00:00,552.038,-1.0,8.0,1.0,29.96625,60.625,94.125,-1.0,0.0,0.40109375,103.125,53.125,7,194,2021,28,1
2021-07-13 09:00:00,550.35,-1.0,9.0,1.0,29.94875,59.625,96.75,-1.0,0.0,0.42843749999999997,105.75,49.25,7,194,2021,28,1
2021-07-13 10:00:00,537.9739999999999,-1.0,10.0,1.0,29.91875,58.625,99.875,-1.0,0.0,0.4609895833333333,107.75,47.625,7,194,2021,28,1
2021-07-13 11:00:00,513.451,-1.0,11.0,1.0,29.88875,58.0,103.375,-1.0,0.0,0.49744791666666666,109.0,48.125,7,194,2021,28,1
2021-07-13 12:00:00,505.687,-1.0,12.0,1.0,29.85875,57.625,105.125,-1.0,0.0,0.5156770833333333,110.125,50.0,7,194,2021,28,1
2021-07-13 13:00:00,508.274,-1.0,13.0,1.0,29.82125,57.0,107.375,-1.0,0.0,0.5391145833333333,112.0,51.125,7,194,2021,28,1
2021-07-13 14:00:00,506.812,-1.0,14.0,1.0,29.7825,54.75,108.375,-1.0,0.0,0.54953125,111.625,52.625,7,194,2021,28,1
2021-07-13 15:00:00,501.975,-1.0,15.0,1.0,29.76625,51.0,108.625,-1.0,0.0,0.5521354166666667,111.0,52.375,7,194,2021,28,1
2021-07-13 16:00:00,504.562,-1.0,16.0,1.0,29.76375,50.625,107.625,-1.0,0.0,0.54171875,109.875,54.5,7,194,2021,28,1
2021-07-13 17:00:00,144.337,-1.0,17.0,1.0,29.7775,50.75,106.25,-1.0,0.0,0.5273958333333333,107.25,57.375,7,194,2021,28,1
2021-07-13 18:00:00,119.588,-1.0,18.0,1.0,29.80125,53.125,103.875,-1.0,0.0,0.50265625,105.25,58.0,7,194,2021,28,1
2021-07-13 19:00:00,122.962,-1.0,19.0,1.0,29.8575,57.625,96.75,-1.0,0.0,0.42843749999999997,103.25,58.0,7,194,2021,28,1
2021-07-13 20:00:00,121.501,-1.0,20.0,1.0,29.935000000000002,62.0,86.875,-1.0,0.0,0.3255729166666666,97.875,60.25,7,194,2021,28,1
2021-07-13 21:00:00,123.751,-1.0,21.0,1.0,29.97125,62.375,84.25,-1.0,0.0,0.29822916666666666,89.875,64.0,7,194,2021,28,1
2021-07-13 22:00:00,118.463,-1.0,22.0,1.0,29.98625,62.625,83.375,-1.0,0.0,0.2891145833333333,85.75,65.875,7,194,2021,28,1
2021-07-13 23:00:00,118.687,-1.0,23.0,1.0,29.98,62.0,84.0,-1.0,0.0,0.295625,83.125,69.0,7,194,2021,28,1
2021-07-14 00:00:00,226.912,-1.0,0.0,2.0,29.9725,61.625,84.0,-1.0,0.0,0.295625,85.0,69.0,7,195,2021,28,1
2021-07-14 01:00:00,256.83799999999997,-1.0,1.0,2.0,29.9525,61.375,84.0,-1.0,0.0,0.295625,85.0,69.0,7,195,2021,28,1
2021-07-14 02:00:00,262.238,-1.0,2.0,2.0,29.93625,62.0,84.0,-1.0,0.0,0.295625,85.75,67.125,7,195,2021,28,1
2021-07-14 03:00:00,509.73699999999997,-1.0,3.0,2.0,29.9375,62.0,83.625,-1.0,0.0,0.29171874999999997,86.25,65.5,7,195,2021,28,1
2021-07-14 04:00:00,539.437,-1.0,4.0,2.0,29.95375,62.0,83.375,-1.0,0.0,0.2891145833333333,85.75,67.625,7,195,2021,28,1
2021-07-14 05:00:00,489.59900000000005,-1.0,5.0,2.0,29.9675,62.0,84.375,-1.0,0.0,0.29953124999999997,87.375,66.625,7,195,2021,28,1
2021-07-14 06:00:00,465.863,-1.0,6.0,2.0,29.98375,62.0,85.75,-1.0,0.0,0.31385416666666666,89.5,64.875,7,195,2021,28,1
2021-07-14 07:00:00,464.624,-1.0,7.0,2.0,29.97875,62.0,87.75,-1.0,0.0,0.33468749999999997,92.375,62.25,7,195,2021,28,1
2021-07-14 08:00:00,462.712,-1.0,8.0,2.0,29.96375,62.0,90.5,-1.0,0.0,0.3633333333333333,94.125,60.625,7,195,2021,28,1
2021-07-14 09:00:00,483.299,-1.0,9.0,2.0,29.96625,61.625,94.5,-1.0,0.0,0.40499999999999997,96.75,59.625,7,195,2021,28,1
2021-07-14 10:00:00,479.587,-1.0,10.0,2.0,29.94875,60.625,98.125,-1.0,0.0,0.4427604166666666,99.875,58.625,7,195,2021,28,1
2021-07-14 11:00:00,478.125,-1.0,11.0,2.0,29.91875,59.625,100.75,-1.0,0.0,0.47010416666666666,103.375,58.0,7,195,2021,28,1
2021-07-14 12:00:00,482.962,-1.0,12.0,2.0,29.884999999999998,58.625,103.5,-1.0,0.0,0.49874999999999997,105.125,57.625,7,195,2021,28,1
2021-07-14 13:00:00,481.386,-1.0,13.0,2.0,29.8525,58.75,104.875,-1.0,0.0,0.5130729166666667,107.375,57.0,7,195,2021,28,1
2021-07-14 14:00:00,488.363,-1.0,14.0,2.0,29.84,58.125,100.0,-1.0,0.0,0.46229166666666666,108.375,54.75,7,195,2021,28,1
2021-07-14 15:00:00,478.574,-1.0,15.0,2.0,29.84,54.25,95.0,-1.0,0.0,0.4102083333333333,108.625,51.0,7,195,2021,28,1
2021-07-14 16:00:00,465.18600000000004,-1.0,16.0,2.0,29.8325,51.5,95.75,-1.0,0.0,0.4180208333333333,107.625,50.625,7,195,2021,28,1
2021-07-14 17:00:00,126.45,-1.0,17.0,2.0,29.82,49.75,97.0,-1.0,0.0,0.4310416666666666,106.25,50.75,7,195,2021,28,1
2021-07-14 18:00:00,111.487,-1.0,18.0,2.0,29.8275,51.75,95.875,-1.0,0.0,0.4193229166666666,103.875,53.125,7,195,2021,28,1
2021-07-14 19:00:00,115.763,-1.0,19.0,2.0,29.85875,53.0,94.375,-1.0,0.0,0.40369791666666666,96.75,57.625,7,195,2021,28,1
2021-07-14 20:00:00,115.65,-1.0,20.0,2.0,29.9125,54.875,92.0,-1.0,0.0,0.3789583333333333,86.875,62.0,7,195,2021,28,1
2021-07-14 21:00:00,117.0,-1.0,21.0,2.0,29.965,58.375,86.625,-1.0,0.0,0.32296874999999997,84.25,62.375,7,195,2021,28,1
2021-07-14 22:00:00,113.062,-1.0,22.0,2.0,30.005,60.5,85.25,-1.0,0.0,0.3086458333333333,83.375,62.625,7,195,2021,28,1
2021-07-14 23:00:00,112.837,-1.0,23.0,2.0,30.03,64.125,82.125,-1.0,0.0,0.27609374999999997,84.0,62.0,7,195,2021,28,1
2021-07-15 00:00:00,218.476,-1.0,0.0,3.0,30.03,65.625,79.375,-1.0,0.0,0.24744791666666663,84.0,61.625,7,196,2021,28,1
2021-07-15 01:00:00,243.675,-1.0,1.0,3.0,30.0225,65.0,80.0,-1.0,0.0,0.2539583333333333,84.0,61.375,7,196,2021,28,1
2021-07-15 02:00:00,247.275,-1.0,2.0,3.0,30.00625,64.625,80.375,-1.0,0.0,0.2578645833333333,84.0,62.0,7,196,2021,28,1
2021-07-15 03:00:00,494.775,-1.0,3.0,3.0,30.0,64.0,80.625,-1.0,0.0,0.26046874999999997,83.625,62.0,7,196,2021,28,1
2021-07-15 04:00:00,509.96299999999997,-1.0,4.0,3.0,30.00375,63.625,80.375,-1.0,0.0,0.2578645833333333,83.375,62.0,7,196,2021,28,1
2021-07-15 05:00:00,456.524,-1.0,5.0,3.0,30.01,63.0,81.375,-1.0,0.0,0.26828124999999997,84.375,62.0,7,196,2021,28,1
2021-07-15 06:00:00,444.48699999999997,-1.0,6.0,3.0,30.00625,63.0,83.125,-1.0,0.0,0.2865104166666666,85.75,62.0,7,196,2021,28,1
2021-07-15 07:00:00,440.325,-1.0,7.0,3.0,29.99625,62.625,85.75,-1.0,0.0,0.31385416666666666,87.75,62.0,7,196,2021,28,1
2021-07-15 08:00:00,452.25,-1.0,8.0,3.0,29.98625,61.625,88.125,-1.0,0.0,0.33859375,90.5,62.0,7,196,2021,28,1
2021-07-15 09:00:00,456.413,-1.0,9.0,3.0,29.97625,61.0,91.125,-1.0,0.0,0.36984375,94.5,61.625,7,196,2021,28,1
2021-07-15 10:00:00,460.91200000000003,-1.0,10.0,3.0,29.95875,61.0,94.5,-1.0,0.0,0.40499999999999997,98.125,60.625,7,196,2021,28,1
2021-07-15 11:00:00,463.38800000000003,-1.0,11.0,3.0,29.92875,60.625,98.125,-1.0,0.0,0.4427604166666666,100.75,59.625,7,196,2021,28,1
2021-07-15 12:00:00,455.624,-1.0,12.0,3.0,29.89875,59.625,100.375,-1.0,0.0,0.46619791666666666,103.5,58.625,7,196,2021,28,1
2021-07-15 13:00:00,459.112,-1.0,13.0,3.0,29.865000000000002,58.25,101.375,-1.0,0.0,0.4766145833333333,104.875,58.75,7,196,2021,28,1
2021-07-15 14:00:00,466.538,-1.0,14.0,3.0,29.82875,54.75,102.75,-1.0,0.0,0.49093749999999997,100.0,58.125,7,196,2021,28,1
2021-07-15 15:00:00,464.625,-1.0,15.0,3.0,29.79875,51.375,104.0,-1.0,0.0,0.5039583333333333,95.0,54.25,7,196,2021,28,1
2021-07-15 16:00:00,451.349,-1.0,16.0,3.0,29.78375,52.0,103.25,-1.0,0.0,0.4961458333333333,95.75,51.5,7,196,2021,28,1
2021-07-15 17:00:00,127.464,-1.0,17.0,3.0,29.79,50.875,101.625,-1.0,0.0,0.47921874999999997,97.0,49.75,7,196,2021,28,1
2021-07-15 18:00:00,110.924,-1.0,18.0,3.0,29.7975,48.625,100.625,-1.0,0.0,0.4688020833333333,95.875,51.75,7,196,2021,28,1
2021-07-15 19:00:00,111.039,-1.0,19.0,3.0,29.81375,48.0,99.625,-1.0,0.0,0.45838541666666666,94.375,53.0,7,196,2021,28,1
2021-07-15 20:00:00,115.763,-1.0,20.0,3.0,29.82,48.0,97.875,-1.0,0.0,0.44015625,92.0,54.875,7,196,2021,28,1
2021-07-15 21:00:00,117.675,-1.0,21.0,3.0,29.82,46.875,95.625,-1.0,0.0,0.41671874999999997,86.625,58.375,7,196,2021,28,1
2021-07-15 22:00:00,118.125,-1.0,22.0,3.0,29.8275,45.0,94.25,-1.0,0.0,0.4023958333333333,85.25,60.5,7,196,2021,28,1
2021-07-15 23:00:00,115.988,-1.0,23.0,3.0,29.85125,45.0,92.625,-1.0,0.0,0.38546874999999997,82.125,64.125,7,196,2021,28,1
2021-07-16 00:00:00,206.775,-1.0,0.0,4.0,29.87,49.125,90.125,-1.0,0.0,0.3594270833333333,79.375,65.625,7,197,2021,28,1
2021-07-16 01:00:00,237.824,-1.0,1.0,4.0,29.8775,55.625,87.0,-1.0,0.0,0.326875,80.0,65.0,7,197,2021,28,1
2021-07-16 02:00:00,243.0,-1.0,2.0,4.0,29.89,55.375,86.625,-1.0,0.0,0.32296874999999997,80.375,64.625,7,197,2021,28,1
2021-07-16 03:00:00,483.525,-1.0,3.0,4.0,29.8975,56.0,85.25,-1.0,0.0,0.3086458333333333,80.625,64.0,7,197,2021,28,1
2021-07-16 04:00:00,490.61400000000003,-1.0,4.0,4.0,29.91375,56.0,84.75,-1.0,0.0,0.30343749999999997,80.375,63.625,7,197,2021,28,1
2021-07-16 05:00:00,436.725,-1.0,5.0,4.0,29.92375,56.0,86.75,-1.0,0.0,0.3242708333333333,81.375,63.0,7,197,2021,28,1
2021-07-16 06:00:00,432.225,-1.0,6.0,4.0,29.93375,56.0,88.75,-1.0,0.0,0.34510416666666666,83.125,63.0,7,197,2021,28,1
2021-07-16 07:00:00,423.337,-1.0,7.0,4.0,29.93625,55.25,91.125,-1.0,0.0,0.36984375,85.75,62.625,7,197,2021,28,1
2021-07-16 08:00:00,425.474,-1.0,8.0,4.0,29.92625,52.5,94.5,-1.0,0.0,0.40499999999999997,88.125,61.625,7,197,2021,28,1
2021-07-16 09:00:00,399.824,-1.0,9.0,4.0,29.9125,47.75,98.875,-1.0,0.0,0.45057291666666666,91.125,61.0,7,197,2021,28,1
2021-07-16 10:00:00,371.25,-1.0,10.0,4.0,29.88875,44.0,102.375,-1.0,0.0,0.48703124999999997,94.5,61.0,7,197,2021,28,1
2021-07-16 11:00:00,400.05,-1.0,11.0,4.0,29.8625,44.375,103.75,-1.0,0.0,0.5013541666666667,98.125,60.625,7,197,2021,28,1
2021-07-16 12:00:00,411.63800000000003,-1.0,12.0,4.0,29.835,45.0,105.0,-1.0,0.0,0.514375,100.375,59.625,7,197,2021,28,1
2021-07-16 13:00:00,405.675,-1.0,13.0,4.0,29.802500000000002,44.25,105.375,-1.0,0.0,0.51828125,101.375,58.25,7,197,2021,28,1
2021-07-16 14:00:00,396.22400000000005,-1.0,14.0,4.0,29.7825,42.625,106.0,-1.0,0.0,0.5247916666666667,102.75,54.75,7,197,2021,28,1
2021-07-16 15:00:00,398.701,-1.0,15.0,4.0,29.7625,41.25,105.625,-1.0,0.0,0.5208854166666667,104.0,51.375,7,197,2021,28,1
2021-07-16 16:00:00,386.886,-1.0,16.0,4.0,29.75375,40.0,104.25,-1.0,0.0,0.5065625,103.25,52.0,7,197,2021,28,1
2021-07-16 17:00:00,122.625,-1.0,17.0,4.0,29.767500000000002,40.375,102.625,-1.0,0.0,0.48963541666666666,101.625,50.875,7,197,2021,28,1
2021-07-16 18:00:00,109.23599999999999,-1.0,18.0,4.0,29.78375,41.0,101.25,-1.0,0.0,0.47531249999999997,100.625,48.625,7,197,2021,28,1
2021-07-16 19:00:00,114.074,-1.0,19.0,4.0,29.7975,42.125,99.25,-1.0,0.0,0.45447916666666666,99.625,48.0,7,197,2021,28,1
2021-07-16 20:00:00,117.0,-1.0,20.0,4.0,29.81375,44.0,97.625,-1.0,0.0,0.4375520833333333,97.875,48.0,7,197,2021,28,1
2021-07-16 21:00:00,113.625,-1.0,21.0,4.0,29.8275,44.0,96.25,-1.0,0.0,0.42322916666666666,95.625,46.875,7,197,2021,28,1
2021-07-16 22:00:00,115.086,-1.0,22.0,4.0,29.84,43.625,94.25,-1.0,0.0,0.4023958333333333,94.25,45.0,7,197,2021,28,1
2021-07-16 23:00:00,111.374,-1.0,23.0,4.0,29.84,43.375,92.625,-1.0,0.0,0.38546874999999997,92.625,45.0,7,197,2021,28,1
2021-07-17 00:00:00,111.937,-1.0,0.0,5.0,29.84375,43.625,91.625,-1.0,0.0,0.3750520833333333,90.125,49.125,7,198,2021,28,0
2021-07-17 01:00:00,110.475,-1.0,1.0,5.0,29.85,43.0,90.25,-1.0,0.0,0.36072916666666666,87.0,55.625,7,198,2021,28,0
2021-07-17 02:00:00,110.473,-1.0,2.0,5.0,29.8575,43.0,89.0,-1.0,0.0,0.3477083333333333,86.625,55.375,7,198,2021,28,0
2021-07-17 03:00:00,111.263,-1.0,3.0,5.0,29.8775,43.375,88.25,-1.0,0.0,0.3398958333333333,85.25,56.0,7,198,2021,28,0
2021-07-17 04:00:00,109.575,-1.0,4.0,5.0,29.90125,47.375,87.375,-1.0,0.0,0.33078124999999997,84.75,56.0,7,198,2021,28,0
2021-07-17 05:00:00,107.999,-1.0,5.0,5.0,29.927500000000002,50.75,89.5,-1.0,0.0,0.35291666666666666,86.75,56.0,7,198,2021,28,0
2021-07-17 06:00:00,104.626,-1.0,6.0,5.0,29.94375,46.25,92.75,-1.0,0.0,0.3867708333333333,88.75,56.0,7,198,2021,28,0
2021-07-17 07:00:00,104.175,-1.0,7.0,5.0,29.95,44.625,95.125,-1.0,0.0,0.4115104166666666,91.125,55.25,7,198,2021,28,0
2021-07-17 08:00:00,106.875,-1.0,8.0,5.0,29.95375,44.0,97.75,-1.0,0.0,0.43885416666666666,94.5,52.5,7,198,2021,28,0
2021-07-17 09:00:00,107.888,-1.0,9.0,5.0,29.9525,44.375,100.5,-1.0,0.0,0.46749999999999997,98.875,47.75,7,198,2021,28,0
2021-07-17 10:00:00,112.05,-1.0,10.0,5.0,29.9325,45.75,103.0,-1.0,0.0,0.4935416666666666,102.375,44.0,7,198,2021,28,0
2021-07-17 11:00:00,108.562,-1.0,11.0,5.0,29.9125,47.75,104.125,-1.0,0.0,0.5052604166666667,103.75,44.375,7,198,2021,28,0
2021-07-17 12:00:00,110.589,-1.0,12.0,5.0,29.8925,49.0,105.625,-1.0,0.0,0.5208854166666667,105.0,45.0,7,198,2021,28,0
2021-07-17 13:00:00,113.062,-1.0,13.0,5.0,29.87625,49.75,105.0,-1.0,0.0,0.514375,105.375,44.25,7,198,2021,28,0
2021-07-17 14:00:00,112.613,-1.0,14.0,5.0,29.8625,51.0,105.375,-1.0,0.0,0.51828125,106.0,42.625,7,198,2021,28,0
2021-07-17 15:00:00,114.189,-1.0,15.0,5.0,29.85,49.5,105.625,-1.0,0.0,0.5208854166666667,105.625,41.25,7,198,2021,28,0
2021-07-17 16:00:00,115.312,-1.0,16.0,5.0,29.85375,49.25,104.25,-1.0,0.0,0.5065625,104.25,40.0,7,198,2021,28,0
2021-07-17 17:00:00,112.613,-1.0,17.0,5.0,29.86,53.75,101.875,-1.0,0.0,0.4818229166666666,102.625,40.375,7,198,2021,28,0
2021-07-17 18:00:00,114.97399999999999,-1.0,18.0,5.0,29.8675,55.75,99.25,-1.0,0.0,0.45447916666666666,101.25,41.0,7,198,2021,28,0
2021-07-17 19:00:00,113.513,-1.0,19.0,5.0,29.8875,57.0,97.625,-1.0,0.0,0.4375520833333333,99.25,42.125,7,198,2021,28,0
2021-07-17 20:00:00,117.451,-1.0,20.0,5.0,29.90375,56.625,96.625,-1.0,0.0,0.42713541666666666,97.625,44.0,7,198,2021,28,0
2021-07-17 21:00:00,116.774,-1.0,21.0,5.0,29.91375,56.0,95.625,-1.0,0.0,0.41671874999999997,96.25,44.0,7,198,2021,28,0
2021-07-17 22:00:00,117.45,-1.0,22.0,5.0,29.92,56.0,95.0,-1.0,0.0,0.4102083333333333,94.25,43.625,7,198,2021,28,0
2021-07-17 23:00:00,117.451,-1.0,23.0,5.0,29.92,56.0,94.25,-1.0,0.0,0.4023958333333333,92.625,43.375,7,198,2021,28,0
2021-07-18 00:00:00,117.113,-1.0,0.0,6.0,29.927500000000002,56.375,92.625,-1.0,0.0,0.38546874999999997,91.625,43.625,7,199,2021,28,0
2021-07-18 01:00:00,115.088,-1.0,1.0,6.0,29.94375,57.0,92.0,-1.0,0.0,0.3789583333333333,90.25,43.0,7,199,2021,28,0
2021-07-18 02:00:00,115.875,-1.0,2.0,6.0,29.95375,57.375,92.0,-1.0,0.0,0.3789583333333333,89.0,43.0,7,199,2021,28,0
2021-07-18 03:00:00,114.863,-1.0,3.0,6.0,29.96375,58.0,91.25,-1.0,0.0,0.3711458333333333,88.25,43.375,7,199,2021,28,0
2021-07-18 04:00:00,117.112,-1.0,4.0,6.0,29.9775,58.0,90.0,-1.0,0.0,0.358125,87.375,47.375,7,199,2021,28,0
2021-07-18 05:00:00,113.399,-1.0,5.0,6.0,29.997500000000002,58.0,90.75,-1.0,0.0,0.36593749999999997,89.5,50.75,7,199,2021,28,0
2021-07-18 06:00:00,109.688,-1.0,6.0,6.0,30.017500000000002,58.0,93.125,-1.0,0.0,0.3906770833333333,92.75,46.25,7,199,2021,28,0
2021-07-18 07:00:00,109.013,-1.0,7.0,6.0,30.03,58.375,95.75,-1.0,0.0,0.4180208333333333,95.125,44.625,7,199,2021,28,0
2021-07-18 08:00:00,109.688,-1.0,8.0,6.0,30.03,58.625,98.125,-1.0,0.0,0.4427604166666666,97.75,44.0,7,199,2021,28,0
2021-07-18 09:00:00,112.387,-1.0,9.0,6.0,30.02625,57.625,100.375,-1.0,0.0,0.46619791666666666,100.5,44.375,7,199,2021,28,0
2021-07-18 10:00:00,112.613,-1.0,10.0,6.0,30.01625,58.5,96.875,-1.0,0.0,0.4297395833333333,103.0,45.75,7,199,2021,28,0
2021-07-18 11:00:00,115.087,-1.0,11.0,6.0,30.00625,61.75,91.5,-1.0,0.0,0.37374999999999997,104.125,47.75,7,199,2021,28,0
2021-07-18 12:00:00,115.987,-1.0,12.0,6.0,29.99625,62.25,94.0,-1.0,0.0,0.3997916666666666,105.625,49.0,7,199,2021,28,0
2021-07-18 13:00:00,108.787,-1.0,13.0,6.0,29.997500000000002,62.125,91.75,-1.0,0.0,0.3763541666666666,105.0,49.75,7,199,2021,28,0
2021-07-18 14:00:00,111.149,-1.0,14.0,6.0,29.99875,65.125,87.25,-1.0,0.0,0.32947916666666666,105.375,51.0,7,199,2021,28,0
2021-07-18 15:00:00,111.149,-1.0,15.0,6.0,29.98375,66.625,86.75,-1.0,0.0,0.3242708333333333,105.625,49.5,7,199,2021,28,0
2021-07-18 16:00:00,107.55,-1.0,16.0,6.0,30.005,66.0,86.875,-1.0,0.0,0.3255729166666666,104.25,49.25,7,199,2021,28,0
2021-07-18 17:00:00,111.149,-1.0,17.0,6.0,30.0375,65.25,84.625,-1.0,0.0,0.30213541666666666,101.875,53.75,7,199,2021,28,0
2021-07-18 18:00:00,108.112,-1.0,18.0,6.0,30.05375,63.25,84.375,-1.0,0.0,0.29953124999999997,99.25,55.75,7,199,2021,28,0
2021-07-18 19:00:00,111.038,-1.0,19.0,6.0,30.06,61.625,85.375,-1.0,0.0,0.30994791666666666,97.625,57.0,7,199,2021,28,0
2021-07-18 20:00:00,115.538,-1.0,20.0,6.0,30.06375,61.75,85.625,-1.0,0.0,0.3125520833333333,96.625,56.625,7,199,2021,28,0
2021-07-18 21:00:00,113.738,-1.0,21.0,6.0,30.07,63.75,84.25,-1.0,0.0,0.29822916666666666,95.625,56.0,7,199,2021,28,0
2021-07-18 22:00:00,114.299,-1.0,22.0,6.0,30.06625,65.0,83.0,-1.0,0.0,0.2852083333333333,95.0,56.0,7,199,2021,28,0
2021-07-18 23:00:00,114.413,-1.0,23.0,6.0,30.05625,65.375,82.625,-1.0,0.0,0.2813020833333333,94.25,56.0,7,199,2021,28,0
2021-07-19 00:00:00,247.50099999999998,-1.0,0.0,0.0,30.05,64.5,82.75,-1.0,0.0,0.28260416666666666,92.625,56.375,7,200,2021,29,1
2021-07-19 01:00:00,271.461,-1.0,1.0,0.0,30.05375,62.75,83.625,-1.0,0.0,0.29171874999999997,92.0,57.0,7,200,2021,29,1
2021-07-19 02:00:00,472.499,-1.0,2.0,0.0,30.06,64.375,82.625,-1.0,0.0,0.2813020833333333,92.0,57.375,7,200,2021,29,1
2021-07-19 03:00:00,560.474,-1.0,3.0,0.0,30.06375,64.25,82.375,-1.0,0.0,0.27869791666666666,91.25,58.0,7,200,2021,29,1
2021-07-19 04:00:00,537.074,-1.0,4.0,0.0,30.07375,63.75,83.0,-1.0,0.0,0.2852083333333333,90.0,58.0,7,200,2021,29,1
2021-07-19 05:00:00,506.137,-1.0,5.0,0.0,30.0875,65.375,83.0,-1.0,0.0,0.2852083333333333,90.75,58.0,7,200,2021,29,1
2021-07-19 06:00:00,484.988,-1.0,6.0,0.0,30.10375,64.875,83.75,-1.0,0.0,0.2930208333333333,93.125,58.0,7,200,2021,29,1
2021-07-19 07:00:00,469.461,-1.0,7.0,0.0,30.11,62.25,86.125,-1.0,0.0,0.3177604166666666,95.75,58.375,7,200,2021,29,1
2021-07-19 08:00:00,465.862,-1.0,8.0,0.0,30.10625,61.0,89.5,-1.0,0.0,0.35291666666666666,98.125,58.625,7,200,2021,29,1
2021-07-19 09:00:00,478.912,-1.0,9.0,0.0,30.09625,61.0,91.625,-1.0,0.0,0.3750520833333333,100.375,57.625,7,200,2021,29,1
2021-07-19 10:00:00,487.013,-1.0,10.0,0.0,30.0825,61.375,91.0,-1.0,0.0,0.3685416666666666,96.875,58.5,7,200,2021,29,1
2021-07-19 11:00:00,473.85,-1.0,11.0,0.0,30.06625,62.375,91.0,-1.0,0.0,0.3685416666666666,91.5,61.75,7,200,2021,29,1
2021-07-19 12:00:00,477.786,-1.0,12.0,0.0,30.052500000000002,63.375,90.25,-1.0,0.0,0.36072916666666666,94.0,62.25,7,200,2021,29,1
2021-07-19 13:00:00,464.963,-1.0,13.0,0.0,30.02875,62.875,90.875,-1.0,0.0,0.3672395833333333,91.75,62.125,7,200,2021,29,1
2021-07-19 14:00:00,477.788,-1.0,14.0,0.0,30.00625,60.25,94.75,-1.0,0.0,0.40760416666666666,87.25,65.125,7,200,2021,29,1
2021-07-19 15:00:00,471.938,-1.0,15.0,0.0,29.98875,59.0,96.0,-1.0,0.0,0.420625,86.75,66.625,7,200,2021,29,1
2021-07-19 16:00:00,473.962,-1.0,16.0,0.0,29.97375,58.625,96.375,-1.0,0.0,0.42453124999999997,86.875,66.0,7,200,2021,29,1
2021-07-19 17:00:00,124.987,-1.0,17.0,0.0,29.98,57.625,96.625,-1.0,0.0,0.42713541666666666,84.625,65.25,7,200,2021,29,1
2021-07-19 18:00:00,112.051,-1.0,18.0,0.0,29.98375,57.375,95.625,-1.0,0.0,0.41671874999999997,84.375,63.25,7,200,2021,29,1
2021-07-19 19:00:00,113.4,-1.0,19.0,0.0,29.99375,58.75,93.875,-1.0,0.0,0.3984895833333333,85.375,61.625,7,200,2021,29,1
2021-07-19 20:00:00,113.063,-1.0,20.0,0.0,30.00375,60.375,91.625,-1.0,0.0,0.3750520833333333,85.625,61.75,7,200,2021,29,1
2021-07-19 21:00:00,116.55000000000001,-1.0,21.0,0.0,30.00625,61.75,90.625,-1.0,0.0,0.36463541666666666,84.25,63.75,7,200,2021,29,1
2021-07-19 22:00:00,112.5,-1.0,22.0,0.0,30.00375,60.75,89.625,-1.0,0.0,0.35421874999999997,83.0,65.0,7,200,2021,29,1
2021-07-19 23:00:00,114.862,-1.0,23.0,0.0,30.0025,57.0,89.0,-1.0,0.0,0.3477083333333333,82.625,65.375,7,200,2021,29,1
2021-07-20 00:00:00,228.938,-1.0,0.0,1.0,29.99375,57.375,88.25,-1.0,0.0,0.3398958333333333,82.75,64.5,7,201,2021,29,1
2021-07-20 01:00:00,252.338,-1.0,1.0,1.0,29.99625,58.75,86.25,-1.0,0.0,0.31906249999999997,83.625,62.75,7,201,2021,29,1
2021-07-20 02:00:00,253.462,-1.0,2.0,1.0,29.99375,60.375,85.0,-1.0,0.0,0.3060416666666666,82.625,64.375,7,201,2021,29,1
2021-07-20 03:00:00,503.66200000000003,-1.0,3.0,1.0,30.0,61.0,84.625,-1.0,0.0,0.30213541666666666,82.375,64.25,7,201,2021,29,1
2021-07-20 04:00:00,507.93600000000004,-1.0,4.0,1.0,30.0075,60.625,84.375,-1.0,0.0,0.29953124999999997,83.0,63.75,7,201,2021,29,1
2021-07-20 05:00:00,480.149,-1.0,5.0,1.0,30.0275,59.625,86.125,-1.0,0.0,0.3177604166666666,83.0,65.375,7,201,2021,29,1
2021-07-20 06:00:00,462.6,-1.0,6.0,1.0,30.04,58.625,89.5,-1.0,0.0,0.35291666666666666,83.75,64.875,7,201,2021,29,1
2021-07-20 07:00:00,449.999,-1.0,7.0,1.0,30.04,58.0,92.75,-1.0,0.0,0.3867708333333333,86.125,62.25,7,201,2021,29,1
2021-07-20 08:00:00,460.461,-1.0,8.0,1.0,30.03625,58.0,95.125,-1.0,0.0,0.4115104166666666,89.5,61.0,7,201,2021,29,1
2021-07-20 09:00:00,484.425,-1.0,9.0,1.0,30.01875,58.0,97.75,-1.0,0.0,0.43885416666666666,91.625,61.0,7,201,2021,29,1
2021-07-20 10:00:00,468.78700000000003,-1.0,10.0,1.0,29.98875,57.25,99.375,-1.0,0.0,0.45578124999999997,91.0,61.375,7,201,2021,29,1
2021-07-20 11:00:00,471.487,-1.0,11.0,1.0,29.95875,55.625,100.75,-1.0,0.0,0.47010416666666666,91.0,62.375,7,201,2021,29,1
2021-07-20 12:00:00,472.725,-1.0,12.0,1.0,29.925,54.25,102.375,-1.0,0.0,0.48703124999999997,90.25,63.375,7,201,2021,29,1
2021-07-20 13:00:00,474.18600000000004,-1.0,13.0,1.0,29.88875,52.625,103.375,-1.0,0.0,0.49744791666666666,90.875,62.875,7,201,2021,29,1
2021-07-20 14:00:00,471.6,-1.0,14.0,1.0,29.8625,51.625,104.375,-1.0,0.0,0.5078645833333333,94.75,60.25,7,201,2021,29,1
2021-07-20 15:00:00,467.1,-1.0,15.0,1.0,29.84625,51.75,104.625,-1.0,0.0,0.51046875,96.0,59.0,7,201,2021,29,1
2021-07-20 16:00:00,469.013,-1.0,16.0,1.0,29.84,53.0,103.625,-1.0,0.0,0.5000520833333333,96.375,58.625,7,201,2021,29,1
2021-07-20 17:00:00,130.612,-1.0,17.0,1.0,29.84,55.25,100.75,-1.0,0.0,0.4701041666666666,96.625,57.625,7,201,2021,29,1
2021-07-20 18:00:00,111.375,-1.0,18.0,1.0,29.8475,58.625,97.0,-1.0,0.0,0.4310416666666666,95.625,57.375,7,201,2021,29,1
2021-07-20 19:00:00,113.512,-1.0,19.0,1.0,29.88625,58.375,95.875,-1.0,0.0,0.4193229166666666,93.875,58.75,7,201,2021,29,1
2021-07-20 20:00:00,115.989,-1.0,20.0,1.0,29.93,58.625,93.625,-1.0,0.0,0.39588541666666666,91.625,60.375,7,201,2021,29,1
2021-07-20 21:00:00,118.463,-1.0,21.0,1.0,29.92625,58.375,92.25,-1.0,0.0,0.38156249999999997,90.625,61.75,7,201,2021,29,1
2021-07-20 22:00:00,113.96199999999999,-1.0,22.0,1.0,29.9125,59.375,90.625,-1.0,0.0,0.36463541666666666,89.625,60.75,7,201,2021,29,1
2021-07-20 23:00:00,115.2,-1.0,23.0,1.0,29.8925,60.0,90.0,-1.0,0.0,0.358125,89.0,57.0,7,201,2021,29,1
2021-07-21 00:00:00,223.199,-1.0,0.0,2.0,29.88,60.375,89.25,-1.0,0.0,0.35031249999999997,88.25,57.375,7,202,2021,29,1
2021-07-21 01:00:00,249.18800000000002,-1.0,1.0,2.0,29.88,61.0,88.0,-1.0,0.0,0.3372916666666666,86.25,58.75,7,202,2021,29,1
2021-07-21 02:00:00,253.8,-1.0,2.0,2.0,29.8875,61.0,88.0,-1.0,0.0,0.3372916666666666,85.0,60.375,7,202,2021,29,1
2021-07-21 03:00:00,504.899,-1.0,3.0,2.0,29.90375,60.625,88.0,-1.0,0.0,0.3372916666666666,84.625,61.0,7,202,2021,29,1
2021-07-21 04:00:00,502.53700000000003,-1.0,4.0,2.0,29.91375,60.0,88.0,-1.0,0.0,0.3372916666666666,84.375,60.625,7,202,2021,29,1
2021-07-21 05:00:00,480.824,-1.0,5.0,2.0,29.92375,60.0,88.75,-1.0,0.0,0.34510416666666666,86.125,59.625,7,202,2021,29,1
2021-07-21 06:00:00,457.426,-1.0,6.0,2.0,29.93375,60.0,90.0,-1.0,0.0,0.358125,89.5,58.625,7,202,2021,29,1
2021-07-21 07:00:00,448.425,-1.0,7.0,2.0,29.94,60.0,91.125,-1.0,0.0,0.36984375,92.75,58.0,7,202,2021,29,1
2021-07-21 08:00:00,450.001,-1.0,8.0,2.0,29.93625,59.25,93.75,-1.0,0.0,0.39718749999999997,95.125,58.0,7,202,2021,29,1
2021-07-21 09:00:00,463.05,-1.0,9.0,2.0,29.9225,56.875,96.5,-1.0,0.0,0.4258333333333333,97.75,58.0,7,202,2021,29,1
2021-07-21 10:00:00,470.81100000000004,-1.0,10.0,2.0,29.90625,54.25,99.0,-1.0,0.0,0.451875,99.375,57.25,7,202,2021,29,1
2021-07-21 11:00:00,458.438,-1.0,11.0,2.0,29.89625,56.0,97.5,-1.0,0.0,0.43624999999999997,100.75,55.625,7,202,2021,29,1
2021-07-21 12:00:00,465.41200000000003,-1.0,12.0,2.0,29.88625,61.0,95.375,-1.0,0.0,0.4141145833333333,102.375,54.25,7,202,2021,29,1
2021-07-21 13:00:00,468.111,-1.0,13.0,2.0,29.8725,59.5,96.375,-1.0,0.0,0.42453124999999997,103.375,52.625,7,202,2021,29,1
2021-07-21 14:00:00,469.462,-1.0,14.0,2.0,29.85625,55.5,98.125,-1.0,0.0,0.4427604166666666,104.375,51.625,7,202,2021,29,1
2021-07-21 15:00:00,450.787,-1.0,15.0,2.0,29.8425,53.0,99.625,-1.0,0.0,0.45838541666666666,104.625,51.75,7,202,2021,29,1
2021-07-21 16:00:00,442.462,-1.0,16.0,2.0,29.83375,53.0,99.0,-1.0,0.0,0.451875,103.625,53.0,7,202,2021,29,1
2021-07-21 17:00:00,132.187,-1.0,17.0,2.0,29.84375,53.375,98.25,-1.0,0.0,0.44406249999999997,100.75,55.25,7,202,2021,29,1
2021-07-21 18:00:00,112.95,-1.0,18.0,2.0,29.85375,54.0,96.625,-1.0,0.0,0.42713541666666666,97.0,58.625,7,202,2021,29,1
2021-07-21 19:00:00,111.712,-1.0,19.0,2.0,29.8675,54.75,95.625,-1.0,0.0,0.41671874999999997,95.875,58.375,7,202,2021,29,1
2021-07-21 20:00:00,114.638,-1.0,20.0,2.0,29.88,57.125,94.25,-1.0,0.0,0.4023958333333333,93.625,58.625,7,202,2021,29,1
2021-07-21 21:00:00,116.437,-1.0,21.0,2.0,29.88375,59.0,93.0,-1.0,0.0,0.389375,92.25,58.375,7,202,2021,29,1
2021-07-21 22:00:00,114.976,-1.0,22.0,2.0,29.88625,59.0,92.625,-1.0,0.0,0.38546874999999997,90.625,59.375,7,202,2021,29,1
2021-07-21 23:00:00,114.863,-1.0,23.0,2.0,29.88,59.375,91.625,-1.0,0.0,0.3750520833333333,90.0,60.0,7,202,2021,29,1
2021-07-22 00:00:00,220.613,-1.0,0.0,3.0,29.88375,60.0,90.25,-1.0,0.0,0.36072916666666666,89.25,60.375,7,203,2021,29,1
2021-07-22 01:00:00,249.411,-1.0,1.0,3.0,29.89375,60.0,89.0,-1.0,0.0,0.3477083333333333,88.0,61.0,7,203,2021,29,1
2021-07-22 02:00:00,252.224,-1.0,2.0,3.0,29.9,60.375,88.625,-1.0,0.0,0.3438020833333333,88.0,61.0,7,203,2021,29,1
2021-07-22 03:00:00,506.137,-1.0,3.0,3.0,29.9075,61.75,87.625,-1.0,0.0,0.33338541666666666,88.0,60.625,7,203,2021,29,1
2021-07-22 04:00:00,500.399,-1.0,4.0,3.0,29.927500000000002,63.0,87.375,-1.0,0.0,0.33078124999999997,88.0,60.0,7,203,2021,29,1
2021-07-22 05:00:00,478.687,-1.0,5.0,3.0,29.94375,62.625,89.125,-1.0,0.0,0.3490104166666666,88.75,60.0,7,203,2021,29,1
2021-07-22 06:00:00,458.101,-1.0,6.0,3.0,29.9575,61.625,92.125,-1.0,0.0,0.3802604166666666,90.0,60.0,7,203,2021,29,1
2021-07-22 07:00:00,454.951,-1.0,7.0,3.0,29.97,61.0,95.5,-1.0,0.0,0.41541666666666666,91.125,60.0,7,203,2021,29,1
2021-07-22 08:00:00,459.788,-1.0,8.0,3.0,29.97,60.625,98.375,-1.0,0.0,0.4453645833333333,93.75,59.25,7,203,2021,29,1
2021-07-22 09:00:00,474.524,-1.0,9.0,3.0,29.96625,58.5,100.125,-1.0,0.0,0.46359375,96.5,56.875,7,203,2021,29,1
2021-07-22 10:00:00,476.099,-1.0,10.0,3.0,29.94875,56.75,102.375,-1.0,0.0,0.48703124999999997,99.0,54.25,7,203,2021,29,1
2021-07-22 11:00:00,485.101,-1.0,11.0,3.0,29.93375,60.25,99.25,-1.0,0.0,0.45447916666666666,97.5,56.0,7,203,2021,29,1
2021-07-22 12:00:00,486.224,-1.0,12.0,3.0,29.94375,63.25,92.625,-1.0,0.0,0.38546874999999997,95.375,61.0,7,203,2021,29,1
2021-07-22 13:00:00,485.212,-1.0,13.0,3.0,29.93875,62.375,91.625,-1.0,0.0,0.3750520833333333,96.375,59.5,7,203,2021,29,1
2021-07-22 14:00:00,463.61199999999997,-1.0,14.0,3.0,29.92,63.0,93.25,-1.0,0.0,0.3919791666666666,98.125,55.5,7,203,2021,29,1
2021-07-22 15:00:00,447.07500000000005,-1.0,15.0,3.0,29.91625,62.25,96.25,-1.0,0.0,0.42322916666666666,99.625,53.0,7,203,2021,29,1
2021-07-22 16:00:00,444.26300000000003,-1.0,16.0,3.0,29.91375,61.75,94.25,-1.0,0.0,0.4023958333333333,99.0,53.0,7,203,2021,29,1
2021-07-22 17:00:00,127.912,-1.0,17.0,3.0,29.92375,61.875,93.375,-1.0,0.0,0.39328124999999997,98.25,53.375,7,203,2021,29,1
2021-07-22 18:00:00,112.725,-1.0,18.0,3.0,29.9375,61.125,92.875,-1.0,0.0,0.3880729166666666,96.625,54.0,7,203,2021,29,1
2021-07-22 19:00:00,111.03800000000001,-1.0,19.0,3.0,29.9575,63.0,90.25,-1.0,0.0,0.36072916666666666,95.625,54.75,7,203,2021,29,1
2021-07-22 20:00:00,116.09899999999999,-1.0,20.0,3.0,29.96625,62.625,88.625,-1.0,0.0,0.3438020833333333,94.25,57.125,7,203,2021,29,1
2021-07-22 21:00:00,117.224,-1.0,21.0,3.0,29.96375,62.0,88.0,-1.0,0.0,0.3372916666666666,93.0,59.0,7,203,2021,29,1
2021-07-22 22:00:00,115.31099999999999,-1.0,22.0,3.0,29.96625,62.0,88.0,-1.0,0.0,0.3372916666666666,92.625,59.0,7,203,2021,29,1
2021-07-22 23:00:00,113.624,-1.0,23.0,3.0,29.96,62.75,87.625,-1.0,0.0,0.33338541666666666,91.625,59.375,7,203,2021,29,1
2021-07-23 00:00:00,218.7,-1.0,0.0,4.0,29.96375,64.0,86.625,-1.0,0.0,0.32296874999999997,90.25,60.0,7,204,2021,29,1
2021-07-23 01:00:00,247.051,-1.0,1.0,4.0,29.97375,64.375,85.625,-1.0,0.0,0.3125520833333333,89.0,60.0,7,204,2021,29,1
2021-07-23 02:00:00,253.351,-1.0,2.0,4.0,29.98375,65.0,84.625,-1.0,0.0,0.30213541666666666,88.625,60.375,7,204,2021,29,1
2021-07-23 03:00:00,509.174,-1.0,3.0,4.0,29.997500000000002,64.25,84.0,-1.0,0.0,0.295625,87.625,61.75,7,204,2021,29,1
2021-07-23 04:00:00,500.062,-1.0,4.0,4.0,30.017500000000002,63.0,84.75,-1.0,0.0,0.30343749999999997,87.375,63.0,7,204,2021,29,1
2021-07-23 05:00:00,460.91200000000003,-1.0,5.0,4.0,30.0375,63.0,86.375,-1.0,0.0,0.3203645833333333,89.125,62.625,7,204,2021,29,1
2021-07-23 06:00:00,450.786,-1.0,6.0,4.0,30.05375,63.0,87.75,-1.0,0.0,0.33468749999999997,92.125,61.625,7,204,2021,29,1
2021-07-23 07:00:00,441.45,-1.0,7.0,4.0,30.05625,62.625,90.125,-1.0,0.0,0.3594270833333333,95.5,61.0,7,204,2021,29,1
2021-07-23 08:00:00,445.95,-1.0,8.0,4.0,30.04625,61.625,92.75,-1.0,0.0,0.3867708333333333,98.375,60.625,7,204,2021,29,1
2021-07-23 09:00:00,453.037,-1.0,9.0,4.0,30.03625,61.0,95.5,-1.0,0.0,0.41541666666666666,100.125,58.5,7,204,2021,29,1
2021-07-23 10:00:00,466.2,-1.0,10.0,4.0,30.01875,60.25,98.75,-1.0,0.0,0.4492708333333333,102.375,56.75,7,204,2021,29,1
2021-07-23 11:00:00,470.587,-1.0,11.0,4.0,29.98875,58.625,99.625,-1.0,0.0,0.45838541666666666,99.25,60.25,7,204,2021,29,1
2021-07-23 12:00:00,468.225,-1.0,12.0,4.0,29.9625,56.125,100.875,-1.0,0.0,0.47140624999999997,92.625,63.25,7,204,2021,29,1
2021-07-23 13:00:00,469.8,-1.0,13.0,4.0,29.93875,51.125,104.0,-1.0,0.0,0.5039583333333333,91.625,62.375,7,204,2021,29,1
2021-07-23 14:00:00,459.111,-1.0,14.0,4.0,29.91625,48.0,103.25,-1.0,0.0,0.4961458333333333,93.25,63.0,7,204,2021,29,1
2021-07-23 15:00:00,456.525,-1.0,15.0,4.0,29.90625,49.5,102.375,-1.0,0.0,0.48703124999999997,96.25,62.25,7,204,2021,29,1
2021-07-23 16:00:00,452.474,-1.0,16.0,4.0,29.9,52.375,102.25,-1.0,0.0,0.48572916666666666,94.25,61.75,7,204,2021,29,1
2021-07-23 17:00:00,122.51400000000001,-1.0,17.0,4.0,29.90375,53.375,100.625,-1.0,0.0,0.4688020833333333,93.375,61.875,7,204,2021,29,1
2021-07-23 18:00:00,107.438,-1.0,18.0,4.0,29.91375,53.25,99.625,-1.0,0.0,0.45838541666666666,92.875,61.125,7,204,2021,29,1
2021-07-23 19:00:00,112.726,-1.0,19.0,4.0,29.935000000000002,54.25,96.75,-1.0,0.0,0.4284375,90.25,63.0,7,204,2021,29,1
2021-07-23 20:00:00,116.1,-1.0,20.0,4.0,29.97125,58.0,92.625,-1.0,0.0,0.38546874999999997,88.625,62.625,7,204,2021,29,1
2021-07-23 21:00:00,116.212,-1.0,21.0,4.0,29.99,58.75,91.25,-1.0,0.0,0.3711458333333333,88.0,62.0,7,204,2021,29,1
2021-07-23 22:00:00,114.974,-1.0,22.0,4.0,29.9825,60.0,89.625,-1.0,0.0,0.35421874999999997,88.0,62.0,7,204,2021,29,1
2021-07-23 23:00:00,113.738,-1.0,23.0,4.0,29.9625,60.0,89.375,-1.0,0.0,0.3516145833333333,87.625,62.75,7,204,2021,29,1
2021-07-24 00:00:00,115.08699999999999,-1.0,0.0,5.0,29.95,60.75,89.25,-1.0,0.0,0.35031249999999997,86.625,64.0,7,205,2021,29,0
2021-07-24 01:00:00,114.076,-1.0,1.0,5.0,29.95,62.0,88.0,-1.0,0.0,0.3372916666666666,85.625,64.375,7,205,2021,29,0
2021-07-24 02:00:00,113.4,-1.0,2.0,5.0,29.95,62.0,87.625,-1.0,0.0,0.33338541666666666,84.625,65.0,7,205,2021,29,0
2021-07-24 03:00:00,112.838,-1.0,3.0,5.0,29.95375,62.0,87.0,-1.0,0.0,0.326875,84.0,64.25,7,205,2021,29,0
2021-07-24 04:00:00,112.72399999999999,-1.0,4.0,5.0,29.9675,62.0,86.625,-1.0,0.0,0.32296874999999997,84.75,63.0,7,205,2021,29,0
2021-07-24 05:00:00,111.376,-1.0,5.0,5.0,29.99125,61.25,85.625,-1.0,0.0,0.3125520833333333,86.375,63.0,7,205,2021,29,0
2021-07-24 06:00:00,112.613,-1.0,6.0,5.0,30.01,60.75,85.75,-1.0,0.0,0.31385416666666666,87.75,63.0,7,205,2021,29,0
2021-07-24 07:00:00,110.474,-1.0,7.0,5.0,30.00625,62.0,87.75,-1.0,0.0,0.33468749999999997,90.125,62.625,7,205,2021,29,0
2021-07-24 08:00:00,107.549,-1.0,8.0,5.0,30.0,62.0,89.75,-1.0,0.0,0.3555208333333333,92.75,61.625,7,205,2021,29,0
2021-07-24 09:00:00,106.425,-1.0,9.0,5.0,29.99625,62.0,91.375,-1.0,0.0,0.37244791666666666,95.5,61.0,7,205,2021,29,0
2021-07-24 10:00:00,107.887,-1.0,10.0,5.0,29.9825,62.0,92.75,-1.0,0.0,0.3867708333333333,98.75,60.25,7,205,2021,29,0
2021-07-24 11:00:00,110.025,-1.0,11.0,5.0,29.9625,61.625,94.75,-1.0,0.0,0.40760416666666666,99.625,58.625,7,205,2021,29,0
2021-07-24 12:00:00,110.588,-1.0,12.0,5.0,29.93875,59.5,97.125,-1.0,0.0,0.43234375,100.875,56.125,7,205,2021,29,0
2021-07-24 13:00:00,111.6,-1.0,13.0,5.0,29.9125,56.625,99.375,-1.0,0.0,0.45578124999999997,104.0,51.125,7,205,2021,29,0
2021-07-24 14:00:00,111.15100000000001,-1.0,14.0,5.0,29.8925,56.0,100.0,-1.0,0.0,0.4622916666666666,103.25,48.0,7,205,2021,29,0
2021-07-24 15:00:00,111.93700000000001,-1.0,15.0,5.0,29.87625,57.5,100.0,-1.0,0.0,0.4622916666666666,102.375,49.5,7,205,2021,29,0
2021-07-24 16:00:00,115.98599999999999,-1.0,16.0,5.0,29.87375,60.0,98.5,-1.0,0.0,0.44666666666666666,102.25,52.375,7,205,2021,29,0
2021-07-24 17:00:00,111.6,-1.0,17.0,5.0,29.88375,60.0,95.625,-1.0,0.0,0.41671874999999997,100.625,53.375,7,205,2021,29,0
2021-07-24 18:00:00,111.037,-1.0,18.0,5.0,29.89,59.625,94.625,-1.0,0.0,0.4063020833333333,99.625,53.25,7,205,2021,29,0
2021-07-24 19:00:00,116.437,-1.0,19.0,5.0,29.90125,59.0,93.625,-1.0,0.0,0.39588541666666666,96.75,54.25,7,205,2021,29,0
2021-07-24 20:00:00,115.424,-1.0,20.0,5.0,29.92,60.125,92.25,-1.0,0.0,0.38156249999999997,92.625,58.0,7,205,2021,29,0
2021-07-24 21:00:00,117.563,-1.0,21.0,5.0,29.92375,62.0,90.625,-1.0,0.0,0.36463541666666666,91.25,58.75,7,205,2021,29,0
2021-07-24 22:00:00,113.737,-1.0,22.0,5.0,29.93,62.375,89.625,-1.0,0.0,0.35421874999999997,89.625,60.0,7,205,2021,29,0
2021-07-24 23:00:00,116.438,-1.0,23.0,5.0,29.93,62.25,88.625,-1.0,0.0,0.3438020833333333,89.375,60.0,7,205,2021,29,0
2021-07-25 00:00:00,116.775,-1.0,0.0,6.0,29.92625,61.0,87.625,-1.0,0.0,0.33338541666666666,89.25,60.75,7,206,2021,29,0
2021-07-25 01:00:00,113.963,-1.0,1.0,6.0,29.92,61.375,86.25,-1.0,0.0,0.31906249999999997,88.0,62.0,7,206,2021,29,0
2021-07-25 02:00:00,116.325,-1.0,2.0,6.0,29.92375,62.0,85.0,-1.0,0.0,0.3060416666666666,87.625,62.0,7,206,2021,29,0
2021-07-25 03:00:00,113.963,-1.0,3.0,6.0,29.9375,62.0,84.625,-1.0,0.0,0.30213541666666666,87.0,62.0,7,206,2021,29,0
2021-07-25 04:00:00,112.275,-1.0,4.0,6.0,29.96125,62.375,83.625,-1.0,0.0,0.29171874999999997,86.625,62.0,7,206,2021,29,0
2021-07-25 05:00:00,114.412,-1.0,5.0,6.0,29.98375,63.0,83.75,-1.0,0.0,0.2930208333333333,85.625,61.25,7,206,2021,29,0
2021-07-25 06:00:00,109.237,-1.0,6.0,6.0,29.99375,62.625,86.125,-1.0,0.0,0.3177604166666666,85.75,60.75,7,206,2021,29,0
2021-07-25 07:00:00,107.888,-1.0,7.0,6.0,29.99625,62.0,88.375,-1.0,0.0,0.34119791666666666,87.75,62.0,7,206,2021,29,0
2021-07-25 08:00:00,105.526,-1.0,8.0,6.0,29.98625,62.0,90.125,-1.0,0.0,0.3594270833333333,89.75,62.0,7,206,2021,29,0
2021-07-25 09:00:00,107.325,-1.0,9.0,6.0,29.9725,62.0,92.75,-1.0,0.0,0.3867708333333333,91.375,62.0,7,206,2021,29,0
2021-07-25 10:00:00,110.588,-1.0,10.0,6.0,29.9525,62.0,94.375,-1.0,0.0,0.40369791666666666,92.75,62.0,7,206,2021,29,0
2021-07-25 11:00:00,110.587,-1.0,11.0,6.0,29.92875,61.625,95.375,-1.0,0.0,0.4141145833333333,94.75,61.625,7,206,2021,29,0
2021-07-25 12:00:00,109.125,-1.0,12.0,6.0,29.89875,61.0,96.75,-1.0,0.0,0.42843749999999997,97.125,59.5,7,206,2021,29,0
2021-07-25 13:00:00,110.025,-1.0,13.0,6.0,29.86875,60.25,98.375,-1.0,0.0,0.4453645833333333,99.375,56.625,7,206,2021,29,0
2021-07-25 14:00:00,109.913,-1.0,14.0,6.0,29.83875,58.625,99.0,-1.0,0.0,0.451875,100.0,56.0,7,206,2021,29,0
2021-07-25 15:00:00,112.50200000000001,-1.0,15.0,6.0,29.8125,58.0,99.375,-1.0,0.0,0.45578124999999997,100.0,57.5,7,206,2021,29,0
2021-07-25 16:00:00,114.07499999999999,-1.0,16.0,6.0,29.8,58.0,100.0,-1.0,0.0,0.4622916666666666,98.5,60.0,7,206,2021,29,0
2021-07-25 17:00:00,113.625,-1.0,17.0,6.0,29.79625,60.25,96.25,-1.0,0.0,0.42322916666666666,95.625,60.0,7,206,2021,29,0
2021-07-25 18:00:00,113.175,-1.0,18.0,6.0,29.86875,64.75,85.125,-1.0,0.0,0.30734374999999997,94.625,59.625,7,206,2021,29,0
2021-07-25 19:00:00,116.888,-1.0,19.0,6.0,29.985,66.375,76.625,-1.0,0.0,0.2188020833333333,93.625,59.0,7,206,2021,29,0
2021-07-25 20:00:00,115.312,-1.0,20.0,6.0,29.94875,66.625,76.75,-1.0,0.0,0.22010416666666663,92.25,60.125,7,206,2021,29,0
2021-07-25 21:00:00,111.375,-1.0,21.0,6.0,29.93375,67.125,77.25,-1.0,0.0,0.22531249999999997,90.625,62.0,7,206,2021,29,0
2021-07-25 22:00:00,114.525,-1.0,22.0,6.0,29.9475,69.0,76.375,-1.0,0.0,0.21619791666666663,89.625,62.375,7,206,2021,29,0
2021-07-25 23:00:00,112.386,-1.0,23.0,6.0,29.96,68.625,77.0,-1.0,0.0,0.2227083333333333,88.625,62.25,7,206,2021,29,0
2021-07-26 00:00:00,252.563,-1.0,0.0,0.0,29.96375,68.0,77.0,-1.0,0.0,0.2227083333333333,87.625,61.0,7,207,2021,30,1
2021-07-26 01:00:00,270.899,-1.0,1.0,0.0,29.97,68.0,77.375,-1.0,0.0,0.2266145833333333,86.25,61.375,7,207,2021,30,1
2021-07-26 02:00:00,476.549,-1.0,2.0,0.0,29.97,68.375,77.625,-1.0,0.0,0.22921874999999997,85.0,62.0,7,207,2021,30,1
2021-07-26 03:00:00,572.063,-1.0,3.0,0.0,29.97375,69.375,77.0,-1.0,0.0,0.2227083333333333,84.625,62.0,7,207,2021,30,1
2021-07-26 04:00:00,552.826,-1.0,4.0,0.0,29.9875,70.0,77.375,-1.0,0.0,0.2266145833333333,83.625,62.375,7,207,2021,30,1
2021-07-26 05:00:00,530.212,-1.0,5.0,0.0,30.00375,70.0,78.375,-1.0,0.0,0.23703124999999997,83.75,63.0,7,207,2021,30,1
2021-07-26 06:00:00,517.836,-1.0,6.0,0.0,30.01,70.0,79.375,-1.0,0.0,0.24744791666666663,86.125,62.625,7,207,2021,30,1
2021-07-26 07:00:00,505.8,-1.0,7.0,0.0,30.01,70.0,80.375,-1.0,0.0,0.2578645833333333,88.375,62.0,7,207,2021,30,1
2021-07-26 08:00:00,507.712,-1.0,8.0,0.0,30.017500000000002,69.25,81.0,-1.0,0.0,0.264375,90.125,62.0,7,207,2021,30,1
2021-07-26 09:00:00,509.512,-1.0,9.0,0.0,30.03,67.625,81.375,-1.0,0.0,0.26828124999999997,92.75,62.0,7,207,2021,30,1
2021-07-26 10:00:00,507.824,-1.0,10.0,0.0,30.02625,67.0,82.75,-1.0,0.0,0.28260416666666666,94.375,62.0,7,207,2021,30,1
2021-07-26 11:00:00,503.325,-1.0,11.0,0.0,30.0125,66.625,84.375,-1.0,0.0,0.29953124999999997,95.375,61.625,7,207,2021,30,1
2021-07-26 12:00:00,491.175,-1.0,12.0,0.0,29.98875,66.0,85.0,-1.0,0.0,0.3060416666666666,96.75,61.0,7,207,2021,30,1
2021-07-26 13:00:00,489.376,-1.0,13.0,0.0,29.96625,66.0,84.625,-1.0,0.0,0.30213541666666666,98.375,60.25,7,207,2021,30,1
2021-07-26 14:00:00,465.07500000000005,-1.0,14.0,0.0,29.95625,64.875,85.875,-1.0,0.0,0.31515624999999997,99.0,58.625,7,207,2021,30,1
2021-07-26 15:00:00,462.149,-1.0,15.0,0.0,29.9425,63.375,89.0,-1.0,0.0,0.3477083333333333,99.375,58.0,7,207,2021,30,1
2021-07-26 16:00:00,454.388,-1.0,16.0,0.0,29.9375,65.875,84.125,-1.0,0.0,0.2969270833333333,100.0,58.0,7,207,2021,30,1
2021-07-26 17:00:00,125.437,-1.0,17.0,0.0,29.95375,69.0,77.125,-1.0,0.0,0.2240104166666666,96.25,60.25,7,207,2021,30,1
2021-07-26 18:00:00,116.326,-1.0,18.0,0.0,29.9675,68.25,79.375,-1.0,0.0,0.24744791666666663,85.125,64.75,7,207,2021,30,1
2021-07-26 19:00:00,111.825,-1.0,19.0,0.0,29.98375,67.0,80.375,-1.0,0.0,0.2578645833333333,76.625,66.375,7,207,2021,30,1
2021-07-26 20:00:00,110.812,-1.0,20.0,0.0,29.997500000000002,67.375,81.0,-1.0,0.0,0.264375,76.75,66.625,7,207,2021,30,1
2021-07-26 21:00:00,111.712,-1.0,21.0,0.0,30.01,67.625,80.625,-1.0,0.0,0.26046874999999997,77.25,67.125,7,207,2021,30,1
2021-07-26 22:00:00,111.712,-1.0,22.0,0.0,30.00625,67.0,80.0,-1.0,0.0,0.2539583333333333,76.375,69.0,7,207,2021,30,1
2021-07-26 23:00:00,110.812,-1.0,23.0,0.0,30.0,65.875,80.0,-1.0,0.0,0.2539583333333333,77.0,68.625,7,207,2021,30,1
2021-07-27 00:00:00,219.263,-1.0,0.0,1.0,30.0,64.375,79.625,-1.0,0.0,0.2500520833333333,77.0,68.0,7,208,2021,30,1
2021-07-27 01:00:00,250.538,-1.0,1.0,1.0,30.0,65.375,78.625,-1.0,0.0,0.23963541666666663,77.375,68.0,7,208,2021,30,1
2021-07-27 02:00:00,258.975,-1.0,2.0,1.0,30.00375,65.625,78.0,-1.0,0.0,0.233125,77.625,68.375,7,208,2021,30,1
2021-07-27 03:00:00,512.211,-1.0,3.0,1.0,30.01375,65.0,78.0,-1.0,0.0,0.233125,77.0,69.375,7,208,2021,30,1
2021-07-27 04:00:00,516.375,-1.0,4.0,1.0,30.02375,65.0,78.75,-1.0,0.0,0.24093749999999997,77.375,70.0,7,208,2021,30,1
2021-07-27 05:00:00,456.52500000000003,-1.0,5.0,1.0,30.0375,65.0,80.375,-1.0,0.0,0.2578645833333333,78.375,70.0,7,208,2021,30,1
2021-07-27 06:00:00,442.013,-1.0,6.0,1.0,30.05375,65.0,82.125,-1.0,0.0,0.27609375,79.375,70.0,7,208,2021,30,1
2021-07-27 07:00:00,440.437,-1.0,7.0,1.0,30.06,64.625,84.75,-1.0,0.0,0.30343749999999997,80.375,70.0,7,208,2021,30,1
2021-07-27 08:00:00,452.587,-1.0,8.0,1.0,30.06,63.25,87.5,-1.0,0.0,0.3320833333333333,81.0,69.25,7,208,2021,30,1
2021-07-27 09:00:00,461.587,-1.0,9.0,1.0,30.05625,60.875,91.125,-1.0,0.0,0.36984375,81.375,67.625,7,208,2021,30,1
2021-07-27 10:00:00,456.301,-1.0,10.0,1.0,30.0425,57.5,93.75,-1.0,0.0,0.39718749999999997,82.75,67.0,7,208,2021,30,1
2021-07-27 11:00:00,456.411,-1.0,11.0,1.0,30.0225,53.875,96.125,-1.0,0.0,0.4219270833333333,84.375,66.625,7,208,2021,30,1
2021-07-27 12:00:00,446.962,-1.0,12.0,1.0,30.0025,51.625,98.375,-1.0,0.0,0.4453645833333333,85.0,66.0,7,208,2021,30,1
2021-07-27 13:00:00,441.675,-1.0,13.0,1.0,29.97875,51.0,99.0,-1.0,0.0,0.451875,84.625,66.0,7,208,2021,30,1
2021-07-27 14:00:00,436.836,-1.0,14.0,1.0,29.9525,49.125,99.0,-1.0,0.0,0.451875,85.875,64.875,7,208,2021,30,1
2021-07-27 15:00:00,434.925,-1.0,15.0,1.0,29.93625,46.375,99.375,-1.0,0.0,0.45578124999999997,89.0,63.375,7,208,2021,30,1
2021-07-27 16:00:00,425.136,-1.0,16.0,1.0,29.92625,47.0,99.25,-1.0,0.0,0.45447916666666666,84.125,65.875,7,208,2021,30,1
2021-07-27 17:00:00,124.988,-1.0,17.0,1.0,29.927500000000002,47.0,97.625,-1.0,0.0,0.4375520833333333,77.125,69.0,7,208,2021,30,1
2021-07-27 18:00:00,113.96199999999999,-1.0,18.0,1.0,29.9475,47.375,96.25,-1.0,0.0,0.42322916666666666,79.375,68.25,7,208,2021,30,1
2021-07-27 19:00:00,116.212,-1.0,19.0,1.0,29.9675,47.625,94.625,-1.0,0.0,0.4063020833333333,80.375,67.0,7,208,2021,30,1
2021-07-27 20:00:00,115.876,-1.0,20.0,1.0,29.98,48.125,92.5,-1.0,0.0,0.38416666666666666,81.0,67.375,7,208,2021,30,1
2021-07-27 21:00:00,117.45,-1.0,21.0,1.0,29.98375,50.0,89.625,-1.0,0.0,0.35421874999999997,80.625,67.625,7,208,2021,30,1
2021-07-27 22:00:00,115.988,-1.0,22.0,1.0,29.99,50.0,88.625,-1.0,0.0,0.3438020833333333,80.0,67.0,7,208,2021,30,1
2021-07-27 23:00:00,115.199,-1.0,23.0,1.0,29.99,49.625,87.625,-1.0,0.0,0.33338541666666666,80.0,65.875,7,208,2021,30,1
2021-07-28 00:00:00,209.138,-1.0,0.0,2.0,29.99,49.375,86.625,-1.0,0.0,0.32296874999999997,79.625,64.375,7,209,2021,30,1
2021-07-28 01:00:00,243.225,-1.0,1.0,2.0,29.99,50.375,85.625,-1.0,0.0,0.3125520833333333,78.625,65.375,7,209,2021,30,1
2021-07-28 02:00:00,245.926,-1.0,2.0,2.0,29.99375,51.0,85.0,-1.0,0.0,0.3060416666666666,78.0,65.625,7,209,2021,30,1
2021-07-28 03:00:00,476.66200000000003,-1.0,3.0,2.0,30.0075,51.75,84.625,-1.0,0.0,0.30213541666666666,78.0,65.0,7,209,2021,30,1
2021-07-28 04:00:00,468.899,-1.0,4.0,2.0,30.0275,53.375,84.375,-1.0,0.0,0.29953124999999997,78.75,65.0,7,209,2021,30,1
2021-07-28 05:00:00,409.387,-1.0,5.0,2.0,30.04375,54.0,85.75,-1.0,0.0,0.31385416666666666,80.375,65.0,7,209,2021,30,1
2021-07-28 06:00:00,406.688,-1.0,6.0,2.0,30.05375,53.25,88.875,-1.0,0.0,0.34640624999999997,82.125,65.0,7,209,2021,30,1
2021-07-28 07:00:00,358.425,-1.0,7.0,2.0,30.06,51.25,93.125,-1.0,0.0,0.3906770833333333,84.75,64.625,7,209,2021,30,1
2021-07-28 08:00:00,364.83799999999997,-1.0,8.0,2.0,30.05625,49.25,95.0,-1.0,0.0,0.4102083333333333,87.5,63.25,7,209,2021,30,1
2021-07-28 09:00:00,380.36199999999997,-1.0,9.0,2.0,30.0425,47.625,96.5,-1.0,0.0,0.4258333333333333,91.125,60.875,7,209,2021,30,1
2021-07-28 10:00:00,383.286,-1.0,10.0,2.0,30.0225,46.625,99.375,-1.0,0.0,0.45578124999999997,93.75,57.5,7,209,2021,30,1
2021-07-28 11:00:00,381.824,-1.0,11.0,2.0,30.0025,45.625,100.375,-1.0,0.0,0.46619791666666666,96.125,53.875,7,209,2021,30,1
2021-07-28 12:00:00,382.837,-1.0,12.0,2.0,29.9825,47.25,100.25,-1.0,0.0,0.4648958333333333,98.375,51.625,7,209,2021,30,1
2021-07-28 13:00:00,390.376,-1.0,13.0,2.0,29.9625,50.25,99.75,-1.0,0.0,0.45968749999999997,99.0,51.0,7,209,2021,30,1
2021-07-28 14:00:00,392.96299999999997,-1.0,14.0,2.0,29.94625,49.0,100.625,-1.0,0.0,0.4688020833333333,99.0,49.125,7,209,2021,30,1
2021-07-28 15:00:00,383.849,-1.0,15.0,2.0,29.9325,49.0,100.0,-1.0,0.0,0.4622916666666666,99.375,46.375,7,209,2021,30,1
2021-07-28 16:00:00,380.587,-1.0,16.0,2.0,29.91625,49.0,100.0,-1.0,0.0,0.4622916666666666,99.25,47.0,7,209,2021,30,1
2021-07-28 17:00:00,126.001,-1.0,17.0,2.0,29.91,49.0,99.25,-1.0,0.0,0.45447916666666666,97.625,47.0,7,209,2021,30,1
2021-07-28 18:00:00,112.16199999999999,-1.0,18.0,2.0,29.91375,49.375,97.25,-1.0,0.0,0.4336458333333333,96.25,47.375,7,209,2021,30,1
2021-07-28 19:00:00,116.774,-1.0,19.0,2.0,29.927500000000002,50.0,95.625,-1.0,0.0,0.41671874999999997,94.625,47.625,7,209,2021,30,1
2021-07-28 20:00:00,120.037,-1.0,20.0,2.0,29.94,50.375,94.625,-1.0,0.0,0.4063020833333333,92.5,48.125,7,209,2021,30,1
2021-07-28 21:00:00,117.787,-1.0,21.0,2.0,29.94,51.75,93.25,-1.0,0.0,0.39197916666666666,89.625,50.0,7,209,2021,30,1
2021-07-28 22:00:00,118.237,-1.0,22.0,2.0,29.93625,53.0,91.25,-1.0,0.0,0.3711458333333333,88.625,50.0,7,209,2021,30,1
2021-07-28 23:00:00,118.125,-1.0,23.0,2.0,29.92625,53.0,90.375,-1.0,0.0,0.36203124999999997,87.625,49.625,7,209,2021,30,1
2021-07-29 00:00:00,210.039,-1.0,0.0,3.0,29.92,53.0,90.25,-1.0,0.0,0.36072916666666666,86.625,49.375,7,210,2021,30,1
2021-07-29 01:00:00,244.462,-1.0,1.0,3.0,29.92,53.375,89.0,-1.0,0.0,0.3477083333333333,85.625,50.375,7,210,2021,30,1
2021-07-29 02:00:00,252.225,-1.0,2.0,3.0,29.927500000000002,53.625,88.25,-1.0,0.0,0.3398958333333333,85.0,51.0,7,210,2021,30,1
2021-07-29 03:00:00,479.025,-1.0,3.0,3.0,29.94375,53.0,87.0,-1.0,0.0,0.326875,84.625,51.75,7,210,2021,30,1
2021-07-29 04:00:00,494.66200000000003,-1.0,4.0,3.0,29.95375,53.375,87.75,-1.0,0.0,0.33468749999999997,84.375,53.375,7,210,2021,30,1
2021-07-29 05:00:00,422.775,-1.0,5.0,3.0,29.96375,53.625,90.125,-1.0,0.0,0.3594270833333333,85.75,54.0,7,210,2021,30,1
2021-07-29 06:00:00,427.05100000000004,-1.0,6.0,3.0,29.97,53.375,93.125,-1.0,0.0,0.3906770833333333,88.875,53.25,7,210,2021,30,1
2021-07-29 07:00:00,413.437,-1.0,7.0,3.0,29.97,53.25,95.375,-1.0,0.0,0.4141145833333333,93.125,51.25,7,210,2021,30,1
2021-07-29 08:00:00,427.049,-1.0,8.0,3.0,29.96625,52.0,96.75,-1.0,0.0,0.42843749999999997,95.0,49.25,7,210,2021,30,1
2021-07-29 09:00:00,437.398,-1.0,9.0,3.0,29.9525,52.0,98.75,-1.0,0.0,0.4492708333333333,96.5,47.625,7,210,2021,30,1
2021-07-29 10:00:00,436.275,-1.0,10.0,3.0,29.92875,51.625,100.375,-1.0,0.0,0.46619791666666666,99.375,46.625,7,210,2021,30,1
2021-07-29 11:00:00,435.487,-1.0,11.0,3.0,29.89875,51.0,101.375,-1.0,0.0,0.4766145833333333,100.375,45.625,7,210,2021,30,1
2021-07-29 12:00:00,438.41200000000003,-1.0,12.0,3.0,29.8725,51.0,102.75,-1.0,0.0,0.49093749999999997,100.25,47.25,7,210,2021,30,1
2021-07-29 13:00:00,438.86199999999997,-1.0,13.0,3.0,29.845,50.25,104.0,-1.0,0.0,0.5039583333333333,99.75,50.25,7,210,2021,30,1
2021-07-29 14:00:00,437.175,-1.0,14.0,3.0,29.81625,48.25,104.75,-1.0,0.0,0.5117708333333333,100.625,49.0,7,210,2021,30,1
2021-07-29 15:00:00,438.3,-1.0,15.0,3.0,29.80625,47.0,105.625,-1.0,0.0,0.5208854166666667,100.0,49.0,7,210,2021,30,1
2021-07-29 16:00:00,431.55,-1.0,16.0,3.0,29.81125,50.375,101.25,-1.0,0.0,0.47531249999999997,100.0,49.0,7,210,2021,30,1
2021-07-29 17:00:00,122.963,-1.0,17.0,3.0,29.8675,59.75,90.5,-1.0,0.0,0.3633333333333333,99.25,49.0,7,210,2021,30,1
2021-07-29 18:00:00,115.762,-1.0,18.0,3.0,29.9525,65.625,83.0,-1.0,0.0,0.2852083333333333,97.25,49.375,7,210,2021,30,1
2021-07-29 19:00:00,112.72399999999999,-1.0,19.0,3.0,30.00125,63.875,83.75,-1.0,0.0,0.2930208333333333,95.625,50.0,7,210,2021,30,1
2021-07-29 20:00:00,112.612,-1.0,20.0,3.0,30.0275,62.0,85.0,-1.0,0.0,0.3060416666666666,94.625,50.375,7,210,2021,30,1
2021-07-29 21:00:00,113.962,-1.0,21.0,3.0,30.04,62.375,83.875,-1.0,0.0,0.2943229166666666,93.25,51.75,7,210,2021,30,1
2021-07-29 22:00:00,110.475,-1.0,22.0,3.0,30.02875,63.75,82.375,-1.0,0.0,0.27869791666666666,91.25,53.0,7,210,2021,30,1
2021-07-29 23:00:00,113.851,-1.0,23.0,3.0,30.0025,64.25,82.625,-1.0,0.0,0.2813020833333333,90.375,53.0,7,210,2021,30,1
2021-07-30 00:00:00,201.037,-1.0,0.0,4.0,29.98625,61.875,82.75,-1.0,0.0,0.28260416666666666,90.25,53.0,7,211,2021,30,1
2021-07-30 01:00:00,235.237,-1.0,1.0,4.0,29.97625,60.375,83.625,-1.0,0.0,0.29171874999999997,89.0,53.375,7,211,2021,30,1
2021-07-30 02:00:00,243.562,-1.0,2.0,4.0,29.9775,61.75,83.0,-1.0,0.0,0.2852083333333333,88.25,53.625,7,211,2021,30,1
2021-07-30 03:00:00,246.824,-1.0,3.0,4.0,29.99375,63.375,83.0,-1.0,0.0,0.2852083333333333,87.0,53.0,7,211,2021,30,1
2021-07-30 04:00:00,497.812,-1.0,4.0,4.0,30.0075,62.875,82.625,-1.0,0.0,0.2813020833333333,87.75,53.375,7,211,2021,30,1
2021-07-30 05:00:00,491.063,-1.0,5.0,4.0,30.0275,61.375,82.375,-1.0,0.0,0.27869791666666666,90.125,53.625,7,211,2021,30,1
2021-07-30 06:00:00,445.275,-1.0,6.0,4.0,30.04375,61.625,83.75,-1.0,0.0,0.2930208333333333,93.125,53.375,7,211,2021,30,1
2021-07-30 07:00:00,444.937,-1.0,7.0,4.0,30.05,61.0,85.375,-1.0,0.0,0.30994791666666666,95.375,53.25,7,211,2021,30,1
2021-07-30 08:00:00,422.55,-1.0,8.0,4.0,30.04625,60.625,87.125,-1.0,0.0,0.3281770833333333,96.75,52.0,7,211,2021,30,1
2021-07-30 09:00:00,437.737,-1.0,9.0,4.0,30.03625,59.625,89.375,-1.0,0.0,0.3516145833333333,98.75,52.0,7,211,2021,30,1
2021-07-30 10:00:00,435.262,-1.0,10.0,4.0,30.02625,58.625,91.125,-1.0,0.0,0.36984375,100.375,51.625,7,211,2021,30,1
2021-07-30 11:00:00,430.425,-1.0,11.0,4.0,30.0125,58.0,93.0,-1.0,0.0,0.389375,101.375,51.0,7,211,2021,30,1
2021-07-30 12:00:00,436.274,-1.0,12.0,4.0,29.9925,57.625,93.375,-1.0,0.0,0.39328124999999997,102.75,51.0,7,211,2021,30,1
2021-07-30 13:00:00,437.28700000000003,-1.0,13.0,4.0,29.98,58.125,92.875,-1.0,0.0,0.3880729166666666,104.0,50.25,7,211,2021,30,1
2021-07-30 14:00:00,434.137,-1.0,14.0,4.0,29.97625,60.0,89.875,-1.0,0.0,0.3568229166666666,104.75,48.25,7,211,2021,30,1
2021-07-30 15:00:00,429.975,-1.0,15.0,4.0,29.97,59.25,88.375,-1.0,0.0,0.34119791666666666,105.625,47.0,7,211,2021,30,1
2021-07-30 16:00:00,414.9,-1.0,16.0,4.0,29.97375,58.75,88.25,-1.0,0.0,0.3398958333333333,101.25,50.375,7,211,2021,30,1
2021-07-30 17:00:00,119.138,-1.0,17.0,4.0,29.98375,59.625,87.0,-1.0,0.0,0.326875,90.5,59.75,7,211,2021,30,1
2021-07-30 18:00:00,109.237,-1.0,18.0,4.0,29.99375,59.375,86.625,-1.0,0.0,0.32296874999999997,83.0,65.625,7,211,2021,30,1
2021-07-30 19:00:00,112.726,-1.0,19.0,4.0,30.00375,60.0,85.625,-1.0,0.0,0.3125520833333333,83.75,63.875,7,211,2021,30,1
2021-07-30 20:00:00,112.275,-1.0,20.0,4.0,30.01,59.625,85.0,-1.0,0.0,0.3060416666666666,85.0,62.0,7,211,2021,30,1
2021-07-30 21:00:00,113.064,-1.0,21.0,4.0,30.01375,59.75,84.625,-1.0,0.0,0.30213541666666666,83.875,62.375,7,211,2021,30,1
2021-07-30 22:00:00,111.375,-1.0,22.0,4.0,30.01625,60.625,84.75,-1.0,0.0,0.30343749999999997,82.375,63.75,7,211,2021,30,1
2021-07-30 23:00:00,111.261,-1.0,23.0,4.0,30.01,58.5,86.75,-1.0,0.0,0.3242708333333333,82.625,64.25,7,211,2021,30,1
2021-07-31 00:00:00,112.162,-1.0,0.0,5.0,30.00625,56.75,87.625,-1.0,0.0,0.33338541666666666,82.75,61.875,7,212,2021,30,0
2021-07-31 01:00:00,114.525,-1.0,1.0,5.0,30.00375,59.125,85.5,-1.0,0.0,0.31124999999999997,83.625,60.375,7,212,2021,30,0
2021-07-31 02:00:00,114.188,-1.0,2.0,5.0,30.01375,60.625,83.0,-1.0,0.0,0.2852083333333333,83.0,61.75,7,212,2021,30,0
2021-07-31 03:00:00,114.18900000000001,-1.0,3.0,5.0,30.0275,60.0,83.0,-1.0,0.0,0.2852083333333333,83.0,63.375,7,212,2021,30,0
2021-07-31 04:00:00,112.388,-1.0,4.0,5.0,30.04375,60.375,84.125,-1.0,0.0,0.2969270833333333,82.625,62.875,7,212,2021,30,0
2021-07-31 05:00:00,112.388,-1.0,5.0,5.0,30.0575,61.0,86.0,-1.0,0.0,0.3164583333333333,82.375,61.375,7,212,2021,30,0
2021-07-31 06:00:00,107.66300000000001,-1.0,6.0,5.0,30.07375,60.25,87.5,-1.0,0.0,0.3320833333333333,83.75,61.625,7,212,2021,30,0
2021-07-31 07:00:00,111.487,-1.0,7.0,5.0,30.08375,58.625,90.375,-1.0,0.0,0.36203124999999997,85.375,61.0,7,212,2021,30,0
2021-07-31 08:00:00,106.199,-1.0,8.0,5.0,30.09,58.375,91.375,-1.0,0.0,0.37244791666666666,87.125,60.625,7,212,2021,30,0
2021-07-31 09:00:00,108.225,-1.0,9.0,5.0,30.07875,58.625,92.375,-1.0,0.0,0.3828645833333333,89.375,59.625,7,212,2021,30,0
2021-07-31 10:00:00,110.92500000000001,-1.0,10.0,5.0,30.052500000000002,57.625,93.75,-1.0,0.0,0.39718749999999997,91.125,58.625,7,212,2021,30,0
2021-07-31 11:00:00,114.3,-1.0,11.0,5.0,30.03625,57.0,95.0,-1.0,0.0,0.4102083333333333,93.0,58.0,7,212,2021,30,0
2021-07-31 12:00:00,112.275,-1.0,12.0,5.0,30.03,59.625,91.25,-1.0,0.0,0.3711458333333333,93.375,57.625,7,212,2021,30,0
2021-07-31 13:00:00,110.925,-1.0,13.0,5.0,30.03,64.375,85.0,-1.0,0.0,0.3060416666666666,92.875,58.125,7,212,2021,30,0
2021-07-31 14:00:00,112.95,-1.0,14.0,5.0,30.01875,63.875,86.875,-1.0,0.0,0.32557291666666666,89.875,60.0,7,212,2021,30,0
2021-07-31 15:00:00,108.675,-1.0,15.0,5.0,30.0,60.875,91.125,-1.0,0.0,0.36984375,88.375,59.25,7,212,2021,30,0
2021-07-31 16:00:00,111.15,-1.0,16.0,5.0,30.0,59.0,92.625,-1.0,0.0,0.38546874999999997,88.25,58.75,7,212,2021,30,0
2021-07-31 17:00:00,112.949,-1.0,17.0,5.0,30.0,59.0,91.625,-1.0,0.0,0.3750520833333333,87.0,59.625,7,212,2021,30,0
2021-07-31 18:00:00,109.912,-1.0,18.0,5.0,30.00375,59.375,90.25,-1.0,0.0,0.36072916666666666,86.625,59.375,7,212,2021,30,0
2021-07-31 19:00:00,115.312,-1.0,19.0,5.0,30.017500000000002,60.375,89.0,-1.0,0.0,0.3477083333333333,85.625,60.0,7,212,2021,30,0
2021-07-31 20:00:00,115.539,-1.0,20.0,5.0,30.03,61.375,88.625,-1.0,0.0,0.3438020833333333,85.0,59.625,7,212,2021,30,0
2021-07-31 21:00:00,115.53699999999999,-1.0,21.0,5.0,30.03,62.375,87.625,-1.0,0.0,0.33338541666666666,84.625,59.75,7,212,2021,30,0
2021-07-31 22:00:00,115.425,-1.0,22.0,5.0,30.03,63.375,86.25,-1.0,0.0,0.31906249999999997,84.75,60.625,7,212,2021,30,0
2021-07-31 23:00:00,113.288,-1.0,23.0,5.0,30.03375,64.0,84.625,-1.0,0.0,0.30213541666666666,86.75,58.5,7,212,2021,30,0
2021-08-01 00:00:00,114.074,-1.0,0.0,6.0,30.04,63.25,84.375,-1.0,0.0,0.29953124999999997,87.625,56.75,8,213,2021,30,0
2021-08-01 01:00:00,114.075,-1.0,1.0,6.0,30.04375,62.0,84.625,-1.0,0.0,0.30213541666666666,85.5,59.125,8,213,2021,30,0
2021-08-01 02:00:00,113.40100000000001,-1.0,2.0,6.0,30.05,62.375,83.625,-1.0,0.0,0.29171874999999997,83.0,60.625,8,213,2021,30,0
2021-08-01 03:00:00,114.41199999999999,-1.0,3.0,6.0,30.05375,62.625,83.0,-1.0,0.0,0.2852083333333333,83.0,60.0,8,213,2021,30,0
2021-08-01 04:00:00,111.936,-1.0,4.0,6.0,30.0675,63.125,83.0,-1.0,0.0,0.2852083333333333,84.125,60.375,8,213,2021,30,0
2021-08-01 05:00:00,113.51400000000001,-1.0,5.0,6.0,30.08375,63.875,83.75,-1.0,0.0,0.2930208333333333,86.0,61.0,8,213,2021,30,0
2021-08-01 06:00:00,109.8,-1.0,6.0,6.0,30.0975,61.625,86.5,-1.0,0.0,0.32166666666666666,87.5,60.25,8,213,2021,30,0
2021-08-01 07:00:00,105.864,-1.0,7.0,6.0,30.10625,61.0,89.375,-1.0,0.0,0.3516145833333333,90.375,58.625,8,213,2021,30,0
2021-08-01 08:00:00,107.101,-1.0,8.0,6.0,30.1,61.0,90.375,-1.0,0.0,0.36203124999999997,91.375,58.375,8,213,2021,30,0
2021-08-01 09:00:00,106.538,-1.0,9.0,6.0,30.09625,60.625,92.875,-1.0,0.0,0.38807291666666666,92.375,58.625,8,213,2021,30,0
2021-08-01 10:00:00,110.812,-1.0,10.0,6.0,30.0825,59.25,96.0,-1.0,0.0,0.420625,93.75,57.625,8,213,2021,30,0
2021-08-01 11:00:00,108.90100000000001,-1.0,11.0,6.0,30.06625,58.75,95.625,-1.0,0.0,0.41671874999999997,95.0,57.0,8,213,2021,30,0
2021-08-01 12:00:00,108.9,-1.0,12.0,6.0,30.04875,58.875,96.125,-1.0,0.0,0.4219270833333333,91.25,59.625,8,213,2021,30,0
2021-08-01 13:00:00,108.562,-1.0,13.0,6.0,30.0225,57.0,98.0,-1.0,0.0,0.4414583333333333,85.0,64.375,8,213,2021,30,0
2021-08-01 14:00:00,108.0,-1.0,14.0,6.0,30.0025,56.625,98.375,-1.0,0.0,0.4453645833333333,86.875,63.875,8,213,2021,30,0
2021-08-01 15:00:00,110.813,-1.0,15.0,6.0,29.9825,55.625,99.0,-1.0,0.0,0.451875,91.125,60.875,8,213,2021,30,0
2021-08-01 16:00:00,113.512,-1.0,16.0,6.0,29.97375,55.0,99.0,-1.0,0.0,0.451875,92.625,59.0,8,213,2021,30,0
2021-08-01 17:00:00,110.587,-1.0,17.0,6.0,29.98375,55.375,98.25,-1.0,0.0,0.44406249999999997,91.625,59.0,8,213,2021,30,0
2021-08-01 18:00:00,111.262,-1.0,18.0,6.0,29.99375,56.0,96.625,-1.0,0.0,0.42713541666666666,90.25,59.375,8,213,2021,30,0
2021-08-01 19:00:00,115.876,-1.0,19.0,6.0,30.0075,56.0,95.25,-1.0,0.0,0.41281249999999997,89.0,60.375,8,213,2021,30,0
2021-08-01 20:00:00,115.763,-1.0,20.0,6.0,30.02375,56.0,93.625,-1.0,0.0,0.39588541666666666,88.625,61.375,8,213,2021,30,0
2021-08-01 21:00:00,116.325,-1.0,21.0,6.0,30.03,57.125,92.25,-1.0,0.0,0.38156249999999997,87.625,62.375,8,213,2021,30,0
2021-08-01 22:00:00,117.788,-1.0,22.0,6.0,30.03,59.0,90.25,-1.0,0.0,0.36072916666666666,86.25,63.375,8,213,2021,30,0
2021-08-01 23:00:00,114.188,-1.0,23.0,6.0,30.03,59.0,88.25,-1.0,0.0,0.3398958333333333,84.625,64.0,8,213,2021,30,0
2021-08-02 00:00:00,247.95,-1.0,0.0,0.0,30.03375,59.0,86.625,-1.0,0.0,0.32296874999999997,84.375,63.25,8,214,2021,31,1
2021-08-02 01:00:00,268.201,-1.0,1.0,0.0,30.04,59.0,85.625,-1.0,0.0,0.3125520833333333,84.625,62.0,8,214,2021,31,1
2021-08-02 02:00:00,271.575,-1.0,2.0,0.0,30.04375,59.0,84.25,-1.0,0.0,0.29822916666666666,83.625,62.375,8,214,2021,31,1
2021-08-02 03:00:00,476.66200000000003,-1.0,3.0,0.0,30.0575,59.0,83.75,-1.0,0.0,0.2930208333333333,83.0,62.625,8,214,2021,31,1
2021-08-02 04:00:00,546.412,-1.0,4.0,0.0,30.0775,58.625,86.125,-1.0,0.0,0.3177604166666666,83.0,63.125,8,214,2021,31,1
2021-08-02 05:00:00,513.45,-1.0,5.0,0.0,30.0975,58.375,87.625,-1.0,0.0,0.33338541666666666,83.75,63.875,8,214,2021,31,1
2021-08-02 06:00:00,482.174,-1.0,6.0,0.0,30.11,58.25,88.5,-1.0,0.0,0.34249999999999997,86.5,61.625,8,214,2021,31,1
2021-08-02 07:00:00,468.449,-1.0,7.0,0.0,30.10625,56.625,92.125,-1.0,0.0,0.3802604166666666,89.375,61.0,8,214,2021,31,1
2021-08-02 08:00:00,473.625,-1.0,8.0,0.0,30.1,55.625,94.375,-1.0,0.0,0.40369791666666666,90.375,61.0,8,214,2021,31,1
2021-08-02 09:00:00,480.15,-1.0,9.0,0.0,30.08875,55.0,96.125,-1.0,0.0,0.4219270833333333,92.875,60.625,8,214,2021,31,1
2021-08-02 10:00:00,471.712,-1.0,10.0,0.0,30.0625,53.5,99.125,-1.0,0.0,0.4531770833333333,96.0,59.25,8,214,2021,31,1
2021-08-02 11:00:00,469.46299999999997,-1.0,11.0,0.0,30.03875,50.25,101.75,-1.0,0.0,0.4805208333333333,95.625,58.75,8,214,2021,31,1
2021-08-02 12:00:00,467.774,-1.0,12.0,0.0,30.0125,46.75,103.75,-1.0,0.0,0.5013541666666667,96.125,58.875,8,214,2021,31,1
2021-08-02 13:00:00,463.838,-1.0,13.0,0.0,29.9925,42.625,105.0,-1.0,0.0,0.514375,98.0,57.0,8,214,2021,31,1
2021-08-02 14:00:00,460.012,-1.0,14.0,0.0,29.9725,41.625,105.375,-1.0,0.0,0.51828125,98.375,56.625,8,214,2021,31,1
2021-08-02 15:00:00,455.738,-1.0,15.0,0.0,29.95625,41.375,106.0,-1.0,0.0,0.5247916666666667,99.0,55.625,8,214,2021,31,1
2021-08-02 16:00:00,456.41200000000003,-1.0,16.0,0.0,29.94625,42.0,105.25,-1.0,0.0,0.5169791666666667,99.0,55.0,8,214,2021,31,1
2021-08-02 17:00:00,131.512,-1.0,17.0,0.0,29.94,42.375,103.25,-1.0,0.0,0.4961458333333333,98.25,55.375,8,214,2021,31,1
2021-08-02 18:00:00,113.625,-1.0,18.0,0.0,29.94375,44.125,101.25,-1.0,0.0,0.47531249999999997,96.625,56.0,8,214,2021,31,1
2021-08-02 19:00:00,115.651,-1.0,19.0,0.0,29.95375,46.0,99.25,-1.0,0.0,0.45447916666666666,95.25,56.0,8,214,2021,31,1
2021-08-02 20:00:00,114.638,-1.0,20.0,0.0,29.96,46.75,96.875,-1.0,0.0,0.4297395833333333,93.625,56.0,8,214,2021,31,1
2021-08-02 21:00:00,116.438,-1.0,21.0,0.0,29.96,47.25,94.625,-1.0,0.0,0.4063020833333333,92.25,57.125,8,214,2021,31,1
2021-08-02 22:00:00,114.075,-1.0,22.0,0.0,29.96,47.125,92.5,-1.0,0.0,0.38416666666666666,90.25,59.0,8,214,2021,31,1
2021-08-02 23:00:00,114.413,-1.0,23.0,0.0,29.96,48.625,89.625,-1.0,0.0,0.35421874999999997,88.25,59.0,8,214,2021,31,1
2021-08-03 00:00:00,224.325,-1.0,0.0,1.0,29.96,46.875,89.75,-1.0,0.0,0.3555208333333333,86.625,59.0,8,215,2021,31,1
2021-08-03 01:00:00,248.175,-1.0,1.0,1.0,29.9675,47.625,89.875,-1.0,0.0,0.3568229166666666,85.625,59.0,8,215,2021,31,1
2021-08-03 02:00:00,249.412,-1.0,2.0,1.0,29.98375,52.0,88.0,-1.0,0.0,0.3372916666666666,84.25,59.0,8,215,2021,31,1
2021-08-03 03:00:00,257.174,-1.0,3.0,1.0,29.997500000000002,50.5,87.25,-1.0,0.0,0.32947916666666666,83.75,59.0,8,215,2021,31,1
2021-08-03 04:00:00,502.087,-1.0,4.0,1.0,30.017500000000002,49.125,87.125,-1.0,0.0,0.3281770833333333,86.125,58.625,8,215,2021,31,1
2021-08-03 05:00:00,516.262,-1.0,5.0,1.0,30.03375,51.0,90.125,-1.0,0.0,0.3594270833333333,87.625,58.375,8,215,2021,31,1
2021-08-03 06:00:00,471.15,-1.0,6.0,1.0,30.04375,50.625,93.125,-1.0,0.0,0.3906770833333333,88.5,58.25,8,215,2021,31,1
2021-08-03 07:00:00,460.798,-1.0,7.0,1.0,30.04625,49.625,96.5,-1.0,0.0,0.4258333333333333,92.125,56.625,8,215,2021,31,1
2021-08-03 08:00:00,458.66200000000003,-1.0,8.0,1.0,30.03625,49.0,99.375,-1.0,0.0,0.45578124999999997,94.375,55.625,8,215,2021,31,1
2021-08-03 09:00:00,469.462,-1.0,9.0,1.0,30.02625,49.0,100.75,-1.0,0.0,0.47010416666666666,96.125,55.0,8,215,2021,31,1
2021-08-03 10:00:00,468.675,-1.0,10.0,1.0,30.0125,49.0,102.75,-1.0,0.0,0.49093749999999997,99.125,53.5,8,215,2021,31,1
2021-08-03 11:00:00,469.35,-1.0,11.0,1.0,29.98875,47.875,104.75,-1.0,0.0,0.5117708333333333,101.75,50.25,8,215,2021,31,1
2021-08-03 12:00:00,466.986,-1.0,12.0,1.0,29.9625,45.25,107.125,-1.0,0.0,0.5365104166666667,103.75,46.75,8,215,2021,31,1
2021-08-03 13:00:00,469.014,-1.0,13.0,1.0,29.93875,43.25,107.875,-1.0,0.0,0.5443229166666667,105.0,42.625,8,215,2021,31,1
2021-08-03 14:00:00,466.424,-1.0,14.0,1.0,29.9125,42.0,106.75,-1.0,0.0,0.5326041666666667,105.375,41.625,8,215,2021,31,1
2021-08-03 15:00:00,463.612,-1.0,15.0,1.0,29.8925,42.0,107.625,-1.0,0.0,0.54171875,106.0,41.375,8,215,2021,31,1
2021-08-03 16:00:00,461.362,-1.0,16.0,1.0,29.87625,42.0,106.625,-1.0,0.0,0.5313020833333333,105.25,42.0,8,215,2021,31,1
2021-08-03 17:00:00,129.375,-1.0,17.0,1.0,29.87,42.375,105.25,-1.0,0.0,0.5169791666666667,103.25,42.375,8,215,2021,31,1
2021-08-03 18:00:00,112.95,-1.0,18.0,1.0,29.87375,43.0,103.625,-1.0,0.0,0.5000520833333333,101.25,44.125,8,215,2021,31,1
2021-08-03 19:00:00,118.124,-1.0,19.0,1.0,29.88375,43.375,101.875,-1.0,0.0,0.4818229166666666,99.25,46.0,8,215,2021,31,1
2021-08-03 20:00:00,117.0,-1.0,20.0,1.0,29.89,44.0,99.25,-1.0,0.0,0.45447916666666666,96.875,46.75,8,215,2021,31,1
2021-08-03 21:00:00,118.799,-1.0,21.0,1.0,29.89,44.375,96.875,-1.0,0.0,0.4297395833333333,94.625,47.25,8,215,2021,31,1
2021-08-03 22:00:00,118.012,-1.0,22.0,1.0,29.89,45.0,94.625,-1.0,0.0,0.4063020833333333,92.5,47.125,8,215,2021,31,1
2021-08-03 23:00:00,114.976,-1.0,23.0,1.0,29.89375,44.625,93.625,-1.0,0.0,0.39588541666666666,89.625,48.625,8,215,2021,31,1
2021-08-04 00:00:00,221.625,-1.0,0.0,2.0,29.90375,45.125,92.25,-1.0,0.0,0.38156249999999997,89.75,46.875,8,216,2021,31,1
2021-08-04 01:00:00,249.525,-1.0,1.0,2.0,29.91375,47.0,90.25,-1.0,0.0,0.36072916666666666,89.875,47.625,8,216,2021,31,1
2021-08-04 02:00:00,255.825,-1.0,2.0,2.0,29.92375,47.0,89.0,-1.0,0.0,0.3477083333333333,88.0,52.0,8,216,2021,31,1
2021-08-04 03:00:00,255.037,-1.0,3.0,2.0,29.93375,47.0,89.0,-1.0,0.0,0.3477083333333333,87.25,50.5,8,216,2021,31,1
2021-08-04 04:00:00,497.586,-1.0,4.0,2.0,29.9475,47.0,89.375,-1.0,0.0,0.3516145833333333,87.125,49.125,8,216,2021,31,1
2021-08-04 05:00:00,512.099,-1.0,5.0,2.0,29.9675,47.0,91.125,-1.0,0.0,0.36984375,90.125,51.0,8,216,2021,31,1
2021-08-04 06:00:00,475.426,-1.0,6.0,2.0,29.98,47.0,94.125,-1.0,0.0,0.40109375,93.125,50.625,8,216,2021,31,1
2021-08-04 07:00:00,461.025,-1.0,7.0,2.0,29.98,45.875,97.875,-1.0,0.0,0.44015624999999997,96.5,49.625,8,216,2021,31,1
2021-08-04 08:00:00,463.83799999999997,-1.0,8.0,2.0,29.97625,42.5,101.75,-1.0,0.0,0.4805208333333333,99.375,49.0,8,216,2021,31,1
2021-08-04 09:00:00,470.923,-1.0,9.0,2.0,29.9625,38.875,103.75,-1.0,0.0,0.5013541666666667,100.75,49.0,8,216,2021,31,1
2021-08-04 10:00:00,466.76300000000003,-1.0,10.0,2.0,29.94625,37.375,106.125,-1.0,0.0,0.52609375,102.75,49.0,8,216,2021,31,1
2021-08-04 11:00:00,461.474,-1.0,11.0,2.0,29.92875,38.375,108.375,-1.0,0.0,0.54953125,104.75,47.875,8,216,2021,31,1
2021-08-04 12:00:00,459.0,-1.0,12.0,2.0,29.89875,39.375,109.75,-1.0,0.0,0.5638541666666667,107.125,45.25,8,216,2021,31,1
2021-08-04 13:00:00,460.799,-1.0,13.0,2.0,29.8725,39.625,110.625,-1.0,0.0,0.57296875,107.875,43.25,8,216,2021,31,1
2021-08-04 14:00:00,459.225,-1.0,14.0,2.0,29.8525,37.875,109.625,-1.0,0.0,0.5625520833333333,106.75,42.0,8,216,2021,31,1
2021-08-04 15:00:00,455.736,-1.0,15.0,2.0,29.83625,35.25,109.0,-1.0,0.0,0.5560416666666667,107.625,42.0,8,216,2021,31,1
2021-08-04 16:00:00,449.437,-1.0,16.0,2.0,29.82625,33.625,109.0,-1.0,0.0,0.5560416666666667,106.625,42.0,8,216,2021,31,1
2021-08-04 17:00:00,128.361,-1.0,17.0,2.0,29.82375,33.0,107.875,-1.0,0.0,0.5443229166666667,105.25,42.375,8,216,2021,31,1
2021-08-04 18:00:00,115.875,-1.0,18.0,2.0,29.83375,34.875,104.875,-1.0,0.0,0.5130729166666667,103.625,43.0,8,216,2021,31,1
2021-08-04 19:00:00,112.5,-1.0,19.0,2.0,29.84375,38.0,102.25,-1.0,0.0,0.48572916666666666,101.875,43.375,8,216,2021,31,1
2021-08-04 20:00:00,113.962,-1.0,20.0,2.0,29.85,38.75,99.125,-1.0,0.0,0.4531770833333333,99.25,44.0,8,216,2021,31,1
2021-08-04 21:00:00,116.775,-1.0,21.0,2.0,29.85,39.25,96.0,-1.0,0.0,0.420625,96.875,44.375,8,216,2021,31,1
2021-08-04 22:00:00,111.937,-1.0,22.0,2.0,29.85,37.625,95.25,-1.0,0.0,0.41281249999999997,94.625,45.0,8,216,2021,31,1
2021-08-04 23:00:00,113.626,-1.0,23.0,2.0,29.84625,37.75,92.875,-1.0,0.0,0.3880729166666666,93.625,44.625,8,216,2021,31,1
2021-08-05 00:00:00,215.436,-1.0,0.0,3.0,29.84375,38.25,91.75,-1.0,0.0,0.37635416666666666,92.25,45.125,8,217,2021,31,1
2021-08-05 01:00:00,245.47500000000002,-1.0,1.0,3.0,29.85,37.375,92.625,-1.0,0.0,0.38546874999999997,90.25,47.0,8,217,2021,31,1
2021-08-05 02:00:00,248.287,-1.0,2.0,3.0,29.85375,38.0,92.0,-1.0,0.0,0.3789583333333333,89.0,47.0,8,217,2021,31,1
2021-08-05 03:00:00,252.563,-1.0,3.0,3.0,29.8675,38.375,91.625,-1.0,0.0,0.3750520833333333,89.0,47.0,8,217,2021,31,1
2021-08-05 04:00:00,493.086,-1.0,4.0,3.0,29.89125,40.125,91.375,-1.0,0.0,0.37244791666666666,89.375,47.0,8,217,2021,31,1
2021-08-05 05:00:00,511.875,-1.0,5.0,3.0,29.91375,42.375,92.75,-1.0,0.0,0.3867708333333333,91.125,47.0,8,217,2021,31,1
2021-08-05 06:00:00,456.975,-1.0,6.0,3.0,29.92,42.25,95.125,-1.0,0.0,0.4115104166666666,94.125,47.0,8,217,2021,31,1
2021-08-05 07:00:00,440.212,-1.0,7.0,3.0,29.92,41.0,98.875,-1.0,0.0,0.45057291666666666,97.875,45.875,8,217,2021,31,1
2021-08-05 08:00:00,454.836,-1.0,8.0,3.0,29.91625,42.125,102.75,-1.0,0.0,0.49093749999999997,101.75,42.5,8,217,2021,31,1
2021-08-05 09:00:00,460.462,-1.0,9.0,3.0,29.9025,41.75,106.25,-1.0,0.0,0.5273958333333333,103.75,38.875,8,217,2021,31,1
2021-08-05 10:00:00,460.125,-1.0,10.0,3.0,29.88625,37.625,109.625,-1.0,0.0,0.5625520833333333,106.125,37.375,8,217,2021,31,1
2021-08-05 11:00:00,460.801,-1.0,11.0,3.0,29.8725,37.0,109.375,-1.0,0.0,0.5599479166666667,108.375,38.375,8,217,2021,31,1
2021-08-05 12:00:00,437.28700000000003,-1.0,12.0,3.0,29.8525,37.0,110.0,-1.0,0.0,0.5664583333333333,109.75,39.375,8,217,2021,31,1
2021-08-05 13:00:00,428.961,-1.0,13.0,3.0,29.8325,37.375,110.0,-1.0,0.0,0.5664583333333333,110.625,39.625,8,217,2021,31,1
2021-08-05 14:00:00,422.999,-1.0,14.0,3.0,29.81625,38.0,109.625,-1.0,0.0,0.5625520833333333,109.625,37.875,8,217,2021,31,1
2021-08-05 15:00:00,425.925,-1.0,15.0,3.0,29.80625,38.375,109.0,-1.0,0.0,0.5560416666666667,109.0,35.25,8,217,2021,31,1
2021-08-05 16:00:00,400.275,-1.0,16.0,3.0,29.7925,38.625,108.25,-1.0,0.0,0.5482291666666667,109.0,33.625,8,217,2021,31,1
2021-08-05 17:00:00,122.962,-1.0,17.0,3.0,29.78,38.75,106.625,-1.0,0.0,0.5313020833333333,107.875,33.0,8,217,2021,31,1
2021-08-05 18:00:00,111.15,-1.0,18.0,3.0,29.78375,38.875,104.875,-1.0,0.0,0.5130729166666667,104.875,34.875,8,217,2021,31,1
2021-08-05 19:00:00,119.474,-1.0,19.0,3.0,29.79375,34.75,101.875,-1.0,0.0,0.4818229166666666,102.25,38.0,8,217,2021,31,1
2021-08-05 20:00:00,116.437,-1.0,20.0,3.0,29.8075,31.0,99.625,-1.0,0.0,0.45838541666666666,99.125,38.75,8,217,2021,31,1
2021-08-05 21:00:00,115.314,-1.0,21.0,3.0,29.82375,31.375,98.625,-1.0,0.0,0.44796874999999997,96.0,39.25,8,217,2021,31,1
2021-08-05 22:00:00,111.937,-1.0,22.0,3.0,29.83,32.375,97.25,-1.0,0.0,0.4336458333333333,95.25,37.625,8,217,2021,31,1
2021-08-05 23:00:00,115.53800000000001,-1.0,23.0,3.0,29.83,33.75,95.625,-1.0,0.0,0.41671874999999997,92.875,37.75,8,217,2021,31,1
2021-08-06 00:00:00,202.838,-1.0,0.0,4.0,29.82625,35.375,94.25,-1.0,0.0,0.4023958333333333,91.75,38.25,8,218,2021,31,1
2021-08-06 01:00:00,223.538,-1.0,1.0,4.0,29.8275,36.375,91.875,-1.0,0.0,0.37765625,92.625,37.375,8,218,2021,31,1
2021-08-06 02:00:00,225.112,-1.0,2.0,4.0,29.84,36.25,90.0,-1.0,0.0,0.358125,92.0,38.0,8,218,2021,31,1
2021-08-06 03:00:00,228.488,-1.0,3.0,4.0,29.84375,33.5,90.0,-1.0,0.0,0.358125,91.625,38.375,8,218,2021,31,1
2021-08-06 04:00:00,448.875,-1.0,4.0,4.0,29.8575,30.625,90.0,-1.0,0.0,0.358125,91.375,40.125,8,218,2021,31,1
2021-08-06 05:00:00,455.849,-1.0,5.0,4.0,29.87375,29.625,90.75,-1.0,0.0,0.36593749999999997,92.75,42.375,8,218,2021,31,1
2021-08-06 06:00:00,417.937,-1.0,6.0,4.0,29.8875,29.0,93.125,-1.0,0.0,0.3906770833333333,95.125,42.25,8,218,2021,31,1
2021-08-06 07:00:00,363.15,-1.0,7.0,4.0,29.90375,26.0,96.125,-1.0,0.0,0.4219270833333333,98.875,41.0,8,218,2021,31,1
2021-08-06 08:00:00,365.737,-1.0,8.0,4.0,29.91,20.25,98.75,-1.0,0.0,0.4492708333333333,102.75,42.125,8,218,2021,31,1
2021-08-06 09:00:00,370.012,-1.0,9.0,4.0,29.91,19.0,100.75,-1.0,0.0,0.47010416666666666,106.25,41.75,8,218,2021,31,1
2021-08-06 10:00:00,365.736,-1.0,10.0,4.0,29.9025,16.375,102.75,-1.0,0.0,0.49093749999999997,109.625,37.625,8,218,2021,31,1
2021-08-06 11:00:00,366.637,-1.0,11.0,4.0,29.8825,10.875,104.0,-1.0,0.0,0.5039583333333333,109.375,37.0,8,218,2021,31,1
2021-08-06 12:00:00,414.562,-1.0,12.0,4.0,29.8625,7.875,104.375,-1.0,0.0,0.5078645833333333,110.0,37.0,8,218,2021,31,1
2021-08-06 13:00:00,406.574,-1.0,13.0,4.0,29.8425,7.125,105.0,-1.0,0.0,0.514375,110.0,37.375,8,218,2021,31,1
2021-08-06 14:00:00,406.687,-1.0,14.0,4.0,29.82625,10.5,104.625,-1.0,0.0,0.51046875,109.625,38.0,8,218,2021,31,1
2021-08-06 15:00:00,406.68600000000004,-1.0,15.0,4.0,29.81625,13.375,103.625,-1.0,0.0,0.5000520833333333,109.0,38.375,8,218,2021,31,1
2021-08-06 16:00:00,393.074,-1.0,16.0,4.0,29.81,13.625,102.625,-1.0,0.0,0.48963541666666666,108.25,38.625,8,218,2021,31,1
2021-08-06 17:00:00,127.34899999999999,-1.0,17.0,4.0,29.81375,13.375,100.875,-1.0,0.0,0.47140625,106.625,38.75,8,218,2021,31,1
2021-08-06 18:00:00,113.175,-1.0,18.0,4.0,29.8275,14.75,98.25,-1.0,0.0,0.44406249999999997,104.875,38.875,8,218,2021,31,1
2021-08-06 19:00:00,115.762,-1.0,19.0,4.0,29.8475,15.625,95.5,-1.0,0.0,0.41541666666666666,101.875,34.75,8,218,2021,31,1
2021-08-06 20:00:00,115.19999999999999,-1.0,20.0,4.0,29.86,15.375,92.25,-1.0,0.0,0.38156249999999997,99.625,31.0,8,218,2021,31,1
2021-08-06 21:00:00,116.10000000000001,-1.0,21.0,4.0,29.86,16.375,90.25,-1.0,0.0,0.36072916666666666,98.625,31.375,8,218,2021,31,1
2021-08-06 22:00:00,112.725,-1.0,22.0,4.0,29.86,17.0,88.625,-1.0,0.0,0.3438020833333333,97.25,32.375,8,218,2021,31,1
2021-08-06 23:00:00,113.287,-1.0,23.0,4.0,29.86,17.75,87.25,-1.0,0.0,0.32947916666666666,95.625,33.75,8,218,2021,31,1
2021-08-07 00:00:00,113.512,-1.0,0.0,5.0,29.86375,20.125,84.875,-1.0,0.0,0.3047395833333333,94.25,35.375,8,219,2021,31,0
2021-08-07 01:00:00,111.713,-1.0,1.0,5.0,29.87375,22.375,82.625,-1.0,0.0,0.2813020833333333,91.875,36.375,8,219,2021,31,0
2021-08-07 02:00:00,112.05,-1.0,2.0,5.0,29.88375,22.625,82.0,-1.0,0.0,0.2747916666666666,90.0,36.25,8,219,2021,31,0
2021-08-07 03:00:00,111.263,-1.0,3.0,5.0,29.8975,23.5,80.875,-1.0,0.0,0.2630729166666666,90.0,33.5,8,219,2021,31,0
2021-08-07 04:00:00,110.363,-1.0,4.0,5.0,29.9175,26.375,79.75,-1.0,0.0,0.2513541666666666,90.0,30.625,8,219,2021,31,0
2021-08-07 05:00:00,110.47399999999999,-1.0,5.0,5.0,29.9375,26.625,81.75,-1.0,0.0,0.27218749999999997,90.75,29.625,8,219,2021,31,0
2021-08-07 06:00:00,112.499,-1.0,6.0,5.0,29.95375,26.0,84.125,-1.0,0.0,0.2969270833333333,93.125,29.0,8,219,2021,31,0
2021-08-07 07:00:00,106.537,-1.0,7.0,5.0,29.96,26.0,87.5,-1.0,0.0,0.3320833333333333,96.125,26.0,8,219,2021,31,0
2021-08-07 08:00:00,110.813,-1.0,8.0,5.0,29.96,27.875,91.5,-1.0,0.0,0.37374999999999997,98.75,20.25,8,219,2021,31,0
2021-08-07 09:00:00,111.376,-1.0,9.0,5.0,29.95625,33.25,94.75,-1.0,0.0,0.40760416666666666,100.75,19.0,8,219,2021,31,0
2021-08-07 10:00:00,115.875,-1.0,10.0,5.0,29.93875,36.25,96.75,-1.0,0.0,0.42843749999999997,102.75,16.375,8,219,2021,31,0
2021-08-07 11:00:00,117.45,-1.0,11.0,5.0,29.9125,34.25,98.375,-1.0,0.0,0.4453645833333333,104.0,10.875,8,219,2021,31,0
2021-08-07 12:00:00,120.037,-1.0,12.0,5.0,29.884999999999998,31.5,100.125,-1.0,0.0,0.46359375,104.375,7.875,8,219,2021,31,0
2021-08-07 13:00:00,117.337,-1.0,13.0,5.0,29.84875,27.875,102.75,-1.0,0.0,0.49093749999999997,105.0,7.125,8,219,2021,31,0
2021-08-07 14:00:00,114.29899999999999,-1.0,14.0,5.0,29.822499999999998,26.0,104.375,-1.0,0.0,0.5078645833333333,104.625,10.5,8,219,2021,31,0
2021-08-07 15:00:00,115.426,-1.0,15.0,5.0,29.802500000000002,27.125,104.625,-1.0,0.0,0.51046875,103.625,13.375,8,219,2021,31,0
2021-08-07 16:00:00,114.864,-1.0,16.0,5.0,29.79,30.875,103.25,-1.0,0.0,0.4961458333333333,102.625,13.625,8,219,2021,31,0
2021-08-07 17:00:00,114.862,-1.0,17.0,5.0,29.79,35.5,101.25,-1.0,0.0,0.47531249999999997,100.875,13.375,8,219,2021,31,0
2021-08-07 18:00:00,109.575,-1.0,18.0,5.0,29.79375,30.875,98.875,-1.0,0.0,0.4505729166666666,98.25,14.75,8,219,2021,31,0
2021-08-07 19:00:00,117.786,-1.0,19.0,5.0,29.80375,19.375,96.25,-1.0,0.0,0.42322916666666666,95.5,15.625,8,219,2021,31,0
2021-08-07 20:00:00,117.451,-1.0,20.0,5.0,29.81,20.75,94.25,-1.0,0.0,0.4023958333333333,92.25,15.375,8,219,2021,31,0
2021-08-07 21:00:00,114.525,-1.0,21.0,5.0,29.81375,20.875,92.25,-1.0,0.0,0.38156249999999997,90.25,16.375,8,219,2021,31,0
2021-08-07 22:00:00,115.64999999999999,-1.0,22.0,5.0,29.82,20.125,89.875,-1.0,0.0,0.3568229166666666,88.625,17.0,8,219,2021,31,0
2021-08-07 23:00:00,114.30000000000001,-1.0,23.0,5.0,29.82,22.0,87.25,-1.0,0.0,0.32947916666666666,87.25,17.75,8,219,2021,31,0
2021-08-08 00:00:00,113.624,-1.0,0.0,6.0,29.82,22.0,85.25,-1.0,0.0,0.3086458333333333,84.875,20.125,8,220,2021,31,0
2021-08-08 01:00:00,112.612,-1.0,1.0,6.0,29.82375,22.375,83.625,-1.0,0.0,0.29171874999999997,82.625,22.375,8,220,2021,31,0
2021-08-08 02:00:00,111.826,-1.0,2.0,6.0,29.83375,23.375,83.0,-1.0,0.0,0.2852083333333333,82.0,22.625,8,220,2021,31,0
2021-08-08 03:00:00,112.5,-1.0,3.0,6.0,29.84375,24.75,82.625,-1.0,0.0,0.2813020833333333,80.875,23.5,8,220,2021,31,0
2021-08-08 04:00:00,109.574,-1.0,4.0,6.0,29.85375,27.5,82.0,-1.0,0.0,0.2747916666666666,79.75,26.375,8,220,2021,31,0
2021-08-08 05:00:00,112.163,-1.0,5.0,6.0,29.8675,30.375,83.875,-1.0,0.0,0.29432291666666666,81.75,26.625,8,220,2021,31,0
2021-08-08 06:00:00,107.887,-1.0,6.0,6.0,29.88,30.625,89.25,-1.0,0.0,0.3503125,84.125,26.0,8,220,2021,31,0
2021-08-08 07:00:00,104.175,-1.0,7.0,6.0,29.88,30.375,94.125,-1.0,0.0,0.40109375,87.5,26.0,8,220,2021,31,0
2021-08-08 08:00:00,105.299,-1.0,8.0,6.0,29.88,29.5,97.125,-1.0,0.0,0.43234375,91.5,27.875,8,220,2021,31,0
2021-08-08 09:00:00,107.662,-1.0,9.0,6.0,29.87625,24.0,100.125,-1.0,0.0,0.46359375,94.75,33.25,8,220,2021,31,0
2021-08-08 10:00:00,108.563,-1.0,10.0,6.0,29.86625,18.625,102.0,-1.0,0.0,0.483125,96.75,36.25,8,220,2021,31,0
2021-08-08 11:00:00,109.801,-1.0,11.0,6.0,29.8525,15.375,102.75,-1.0,0.0,0.49093749999999997,98.375,34.25,8,220,2021,31,0
2021-08-08 12:00:00,113.961,-1.0,12.0,6.0,29.8325,11.75,104.375,-1.0,0.0,0.5078645833333333,100.125,31.5,8,220,2021,31,0
2021-08-08 13:00:00,110.137,-1.0,13.0,6.0,29.8125,14.875,105.0,-1.0,0.0,0.514375,102.75,27.875,8,220,2021,31,0
2021-08-08 14:00:00,113.963,-1.0,14.0,6.0,29.79625,19.125,105.0,-1.0,0.0,0.514375,104.375,26.0,8,220,2021,31,0
2021-08-08 15:00:00,112.386,-1.0,15.0,6.0,29.7825,21.75,104.625,-1.0,0.0,0.51046875,104.625,27.125,8,220,2021,31,0
2021-08-08 16:00:00,113.513,-1.0,16.0,6.0,29.77,24.125,103.25,-1.0,0.0,0.4961458333333333,103.25,30.875,8,220,2021,31,0
2021-08-08 17:00:00,115.53800000000001,-1.0,17.0,6.0,29.77,26.375,101.25,-1.0,0.0,0.47531249999999997,101.25,35.5,8,220,2021,31,0
2021-08-08 18:00:00,110.251,-1.0,18.0,6.0,29.7775,27.75,99.25,-1.0,0.0,0.45447916666666666,98.875,30.875,8,220,2021,31,0
2021-08-08 19:00:00,119.81099999999999,-1.0,19.0,6.0,29.7975,29.0,96.875,-1.0,0.0,0.4297395833333333,96.25,19.375,8,220,2021,31,0
2021-08-08 20:00:00,114.863,-1.0,20.0,6.0,29.81,29.75,94.625,-1.0,0.0,0.4063020833333333,94.25,20.75,8,220,2021,31,0
2021-08-08 21:00:00,115.875,-1.0,21.0,6.0,29.8175,31.375,92.875,-1.0,0.0,0.3880729166666666,92.25,20.875,8,220,2021,31,0
2021-08-08 22:00:00,116.77499999999999,-1.0,22.0,6.0,29.83375,32.375,90.625,-1.0,0.0,0.36463541666666666,89.875,20.125,8,220,2021,31,0
2021-08-08 23:00:00,113.96300000000001,-1.0,23.0,6.0,29.84,33.0,90.0,-1.0,0.0,0.358125,87.25,22.0,8,220,2021,31,0
2021-08-09 00:00:00,250.652,-1.0,0.0,0.0,29.84,33.375,90.0,-1.0,0.0,0.358125,85.25,22.0,8,221,2021,32,1
2021-08-09 01:00:00,267.413,-1.0,1.0,0.0,29.84,34.375,89.25,-1.0,0.0,0.35031249999999997,83.625,22.375,8,221,2021,32,1
2021-08-09 02:00:00,270.338,-1.0,2.0,0.0,29.84375,35.0,88.0,-1.0,0.0,0.3372916666666666,83.0,23.375,8,221,2021,32,1
2021-08-09 03:00:00,474.63700000000006,-1.0,3.0,0.0,29.8575,35.0,86.875,-1.0,0.0,0.3255729166666666,82.625,24.75,8,221,2021,32,1
2021-08-09 04:00:00,546.636,-1.0,4.0,0.0,29.87375,35.375,85.375,-1.0,0.0,0.30994791666666666,82.0,27.5,8,221,2021,32,1
2021-08-09 05:00:00,534.937,-1.0,5.0,0.0,29.88375,36.0,87.125,-1.0,0.0,0.3281770833333333,83.875,30.375,8,221,2021,32,1
2021-08-09 06:00:00,506.587,-1.0,6.0,0.0,29.89,35.25,90.875,-1.0,0.0,0.3672395833333333,89.25,30.625,8,221,2021,32,1
2021-08-09 07:00:00,467.439,-1.0,7.0,0.0,29.89375,33.25,95.5,-1.0,0.0,0.41541666666666666,94.125,30.375,8,221,2021,32,1
2021-08-09 08:00:00,471.262,-1.0,8.0,0.0,29.9,30.875,99.125,-1.0,0.0,0.4531770833333333,97.125,29.5,8,221,2021,32,1
2021-08-09 09:00:00,492.637,-1.0,9.0,0.0,29.89625,29.75,101.375,-1.0,0.0,0.4766145833333333,100.125,24.0,8,221,2021,32,1
2021-08-09 10:00:00,490.273,-1.0,10.0,0.0,29.8825,30.25,102.375,-1.0,0.0,0.48703124999999997,102.0,18.625,8,221,2021,32,1
2021-08-09 11:00:00,480.711,-1.0,11.0,0.0,29.8625,29.375,103.375,-1.0,0.0,0.49744791666666666,102.75,15.375,8,221,2021,32,1
2021-08-09 12:00:00,479.025,-1.0,12.0,0.0,29.84625,29.625,104.375,-1.0,0.0,0.5078645833333333,104.375,11.75,8,221,2021,32,1
2021-08-09 13:00:00,479.025,-1.0,13.0,0.0,29.8325,28.625,105.0,-1.0,0.0,0.514375,105.0,14.875,8,221,2021,32,1
2021-08-09 14:00:00,473.175,-1.0,14.0,0.0,29.81625,28.375,104.625,-1.0,0.0,0.51046875,105.0,19.125,8,221,2021,32,1
2021-08-09 15:00:00,461.812,-1.0,15.0,0.0,29.80625,28.625,103.625,-1.0,0.0,0.5000520833333333,104.625,21.75,8,221,2021,32,1
2021-08-09 16:00:00,456.413,-1.0,16.0,0.0,29.8,28.0,102.625,-1.0,0.0,0.48963541666666666,103.25,24.125,8,221,2021,32,1
2021-08-09 17:00:00,125.099,-1.0,17.0,0.0,29.8075,29.125,101.25,-1.0,0.0,0.47531249999999997,101.25,26.375,8,221,2021,32,1
2021-08-09 18:00:00,110.137,-1.0,18.0,0.0,29.82375,31.375,98.875,-1.0,0.0,0.4505729166666666,99.25,27.75,8,221,2021,32,1
2021-08-09 19:00:00,115.65100000000001,-1.0,19.0,0.0,29.83375,33.125,95.875,-1.0,0.0,0.4193229166666666,96.875,29.0,8,221,2021,32,1
2021-08-09 20:00:00,114.074,-1.0,20.0,0.0,29.84375,35.375,93.625,-1.0,0.0,0.39588541666666666,94.625,29.75,8,221,2021,32,1
2021-08-09 21:00:00,113.851,-1.0,21.0,0.0,29.85375,40.5,93.0,-1.0,0.0,0.389375,92.875,31.375,8,221,2021,32,1
2021-08-09 22:00:00,112.726,-1.0,22.0,0.0,29.8675,49.125,92.625,-1.0,0.0,0.38546874999999997,90.625,32.375,8,221,2021,32,1
2021-08-09 23:00:00,111.487,-1.0,23.0,0.0,29.88,51.375,90.875,-1.0,0.0,0.3672395833333333,90.0,33.0,8,221,2021,32,1
2021-08-10 00:00:00,226.687,-1.0,0.0,1.0,29.88,53.125,88.625,-1.0,0.0,0.3438020833333333,90.0,33.375,8,222,2021,32,1
2021-08-10 01:00:00,253.237,-1.0,1.0,1.0,29.88375,54.625,87.625,-1.0,0.0,0.33338541666666666,89.25,34.375,8,222,2021,32,1
2021-08-10 02:00:00,252.788,-1.0,2.0,1.0,29.89375,53.625,86.625,-1.0,0.0,0.32296874999999997,88.0,35.0,8,222,2021,32,1
2021-08-10 03:00:00,265.163,-1.0,3.0,1.0,29.9075,51.5,85.625,-1.0,0.0,0.3125520833333333,86.875,35.0,8,222,2021,32,1
2021-08-10 04:00:00,493.538,-1.0,4.0,1.0,29.927500000000002,49.375,85.375,-1.0,0.0,0.30994791666666666,85.375,35.375,8,222,2021,32,1
2021-08-10 05:00:00,525.149,-1.0,5.0,1.0,29.95125,50.0,86.75,-1.0,0.0,0.3242708333333333,87.125,36.0,8,222,2021,32,1
2021-08-10 06:00:00,499.725,-1.0,6.0,1.0,29.97,49.625,88.75,-1.0,0.0,0.34510416666666666,90.875,35.25,8,222,2021,32,1
2021-08-10 07:00:00,474.41200000000003,-1.0,7.0,1.0,29.97375,49.0,91.125,-1.0,0.0,0.36984375,95.5,33.25,8,222,2021,32,1
2021-08-10 08:00:00,487.46299999999997,-1.0,8.0,1.0,29.98,47.875,94.5,-1.0,0.0,0.40499999999999997,99.125,30.875,8,222,2021,32,1
2021-08-10 09:00:00,495.337,-1.0,9.0,1.0,29.9725,47.125,97.75,-1.0,0.0,0.43885416666666666,101.375,29.75,8,222,2021,32,1
2021-08-10 10:00:00,479.587,-1.0,10.0,1.0,29.9525,49.375,100.125,-1.0,0.0,0.46359375,102.375,30.25,8,222,2021,32,1
2021-08-10 11:00:00,468.225,-1.0,11.0,1.0,29.9325,49.25,102.75,-1.0,0.0,0.49093749999999997,103.375,29.375,8,222,2021,32,1
2021-08-10 12:00:00,479.249,-1.0,12.0,1.0,29.90875,46.875,104.375,-1.0,0.0,0.5078645833333333,104.375,29.625,8,222,2021,32,1
2021-08-10 13:00:00,482.961,-1.0,13.0,1.0,29.88625,47.625,104.625,-1.0,0.0,0.51046875,105.0,28.625,8,222,2021,32,1
2021-08-10 14:00:00,481.05,-1.0,14.0,1.0,29.8725,51.25,103.625,-1.0,0.0,0.5000520833333333,104.625,28.375,8,222,2021,32,1
2021-08-10 15:00:00,471.937,-1.0,15.0,1.0,29.85625,50.375,102.625,-1.0,0.0,0.48963541666666666,103.625,28.625,8,222,2021,32,1
2021-08-10 16:00:00,465.63800000000003,-1.0,16.0,1.0,29.85,50.625,102.0,-1.0,0.0,0.483125,102.625,28.0,8,222,2021,32,1
2021-08-10 17:00:00,126.675,-1.0,17.0,1.0,29.8575,51.125,100.875,-1.0,0.0,0.47140625,101.25,29.125,8,222,2021,32,1
2021-08-10 18:00:00,110.024,-1.0,18.0,1.0,29.8775,53.75,97.875,-1.0,0.0,0.44015625,98.875,31.375,8,222,2021,32,1
2021-08-10 19:00:00,115.088,-1.0,19.0,1.0,29.90125,55.375,93.75,-1.0,0.0,0.3971875,95.875,33.125,8,222,2021,32,1
2021-08-10 20:00:00,117.225,-1.0,20.0,1.0,29.92375,55.25,89.25,-1.0,0.0,0.35031249999999997,93.625,35.375,8,222,2021,32,1
2021-08-10 21:00:00,113.175,-1.0,21.0,1.0,29.93375,53.625,88.0,-1.0,0.0,0.3372916666666666,93.0,40.5,8,222,2021,32,1
2021-08-10 22:00:00,112.501,-1.0,22.0,1.0,29.94,53.75,88.0,-1.0,0.0,0.3372916666666666,92.625,49.125,8,222,2021,32,1
2021-08-10 23:00:00,112.501,-1.0,23.0,1.0,29.94,55.375,87.625,-1.0,0.0,0.33338541666666666,90.875,51.375,8,222,2021,32,1
2021-08-11 00:00:00,228.149,-1.0,0.0,2.0,29.94,55.625,86.25,-1.0,0.0,0.31906249999999997,88.625,53.125,8,223,2021,32,1
2021-08-11 01:00:00,251.214,-1.0,1.0,2.0,29.94,56.125,84.25,-1.0,0.0,0.29822916666666666,87.625,54.625,8,223,2021,32,1
2021-08-11 02:00:00,253.687,-1.0,2.0,2.0,29.9475,58.75,82.25,-1.0,0.0,0.2773958333333333,86.625,53.625,8,223,2021,32,1
2021-08-11 03:00:00,258.86199999999997,-1.0,3.0,2.0,29.9675,60.0,80.625,-1.0,0.0,0.26046874999999997,85.625,51.5,8,223,2021,32,1
2021-08-11 04:00:00,502.311,-1.0,4.0,2.0,29.9875,60.0,80.0,-1.0,0.0,0.2539583333333333,85.375,49.375,8,223,2021,32,1
2021-08-11 05:00:00,514.463,-1.0,5.0,2.0,30.0075,60.0,80.75,-1.0,0.0,0.2617708333333333,86.75,50.0,8,223,2021,32,1
2021-08-11 06:00:00,476.438,-1.0,6.0,2.0,30.02375,60.0,82.75,-1.0,0.0,0.28260416666666666,88.75,49.625,8,223,2021,32,1
2021-08-11 07:00:00,455.51300000000003,-1.0,7.0,2.0,30.03,60.0,84.75,-1.0,0.0,0.30343749999999997,91.125,49.0,8,223,2021,32,1
2021-08-11 08:00:00,464.287,-1.0,8.0,2.0,30.02625,60.0,87.5,-1.0,0.0,0.3320833333333333,94.5,47.875,8,223,2021,32,1
2021-08-11 09:00:00,477.562,-1.0,9.0,2.0,30.01625,60.0,91.125,-1.0,0.0,0.36984375,97.75,47.125,8,223,2021,32,1
2021-08-11 10:00:00,455.625,-1.0,10.0,2.0,30.0025,60.0,93.75,-1.0,0.0,0.39718749999999997,100.125,49.375,8,223,2021,32,1
2021-08-11 11:00:00,457.762,-1.0,11.0,2.0,29.9825,60.0,95.375,-1.0,0.0,0.4141145833333333,102.75,49.25,8,223,2021,32,1
2021-08-11 12:00:00,462.488,-1.0,12.0,2.0,29.955,59.625,96.75,-1.0,0.0,0.42843749999999997,104.375,46.875,8,223,2021,32,1
2021-08-11 13:00:00,461.025,-1.0,13.0,2.0,29.915,58.25,98.75,-1.0,0.0,0.4492708333333333,104.625,47.625,8,223,2021,32,1
2021-08-11 14:00:00,457.199,-1.0,14.0,2.0,29.8825,55.875,100.375,-1.0,0.0,0.46619791666666666,103.625,51.25,8,223,2021,32,1
2021-08-11 15:00:00,457.762,-1.0,15.0,2.0,29.86625,52.875,100.625,-1.0,0.0,0.4688020833333333,102.625,50.375,8,223,2021,32,1
2021-08-11 16:00:00,452.812,-1.0,16.0,2.0,29.86,52.875,99.25,-1.0,0.0,0.45447916666666666,102.0,50.625,8,223,2021,32,1
2021-08-11 17:00:00,124.875,-1.0,17.0,2.0,29.8675,57.125,96.875,-1.0,0.0,0.4297395833333333,100.875,51.125,8,223,2021,32,1
2021-08-11 18:00:00,111.6,-1.0,18.0,2.0,29.88,59.0,94.25,-1.0,0.0,0.4023958333333333,97.875,53.75,8,223,2021,32,1
2021-08-11 19:00:00,114.637,-1.0,19.0,2.0,29.89125,58.625,92.625,-1.0,0.0,0.38546874999999997,93.75,55.375,8,223,2021,32,1
2021-08-11 20:00:00,114.863,-1.0,20.0,2.0,29.9175,58.0,91.25,-1.0,0.0,0.3711458333333333,89.25,55.25,8,223,2021,32,1
2021-08-11 21:00:00,112.95,-1.0,21.0,2.0,29.93375,58.75,89.25,-1.0,0.0,0.35031249999999997,88.0,53.625,8,223,2021,32,1
2021-08-11 22:00:00,112.275,-1.0,22.0,2.0,29.94,59.625,87.625,-1.0,0.0,0.33338541666666666,88.0,53.75,8,223,2021,32,1
2021-08-11 23:00:00,112.276,-1.0,23.0,2.0,29.93625,59.0,87.0,-1.0,0.0,0.326875,87.625,55.375,8,223,2021,32,1
2021-08-12 00:00:00,223.087,-1.0,0.0,3.0,29.93,58.625,87.0,-1.0,0.0,0.326875,86.25,55.625,8,224,2021,32,1
2021-08-12 01:00:00,249.525,-1.0,1.0,3.0,29.93,59.125,85.875,-1.0,0.0,0.31515625,84.25,56.125,8,224,2021,32,1
2021-08-12 02:00:00,252.451,-1.0,2.0,3.0,29.93375,61.375,84.0,-1.0,0.0,0.295625,82.25,58.75,8,224,2021,32,1
2021-08-12 03:00:00,256.95,-1.0,3.0,3.0,29.9475,62.0,83.625,-1.0,0.0,0.29171874999999997,80.625,60.0,8,224,2021,32,1
2021-08-12 04:00:00,502.764,-1.0,4.0,3.0,29.9675,62.375,83.375,-1.0,0.0,0.2891145833333333,80.0,60.0,8,224,2021,32,1
2021-08-12 05:00:00,523.2370000000001,-1.0,5.0,3.0,29.9875,63.0,84.75,-1.0,0.0,0.30343749999999997,80.75,60.0,8,224,2021,32,1
2021-08-12 06:00:00,481.16200000000003,-1.0,6.0,3.0,30.00375,63.0,86.375,-1.0,0.0,0.3203645833333333,82.75,60.0,8,224,2021,32,1
2021-08-12 07:00:00,467.663,-1.0,7.0,3.0,30.01375,63.0,87.0,-1.0,0.0,0.326875,84.75,60.0,8,224,2021,32,1
2021-08-12 08:00:00,472.613,-1.0,8.0,3.0,30.02,62.625,88.5,-1.0,0.0,0.34249999999999997,87.5,60.0,8,224,2021,32,1
2021-08-12 09:00:00,480.599,-1.0,9.0,3.0,30.01625,62.0,91.75,-1.0,0.0,0.37635416666666666,91.125,60.0,8,224,2021,32,1
2021-08-12 10:00:00,472.049,-1.0,10.0,3.0,29.99875,60.875,94.125,-1.0,0.0,0.40109375,93.75,60.0,8,224,2021,32,1
2021-08-12 11:00:00,471.036,-1.0,11.0,3.0,29.9725,59.0,97.5,-1.0,0.0,0.43624999999999997,95.375,60.0,8,224,2021,32,1
2021-08-12 12:00:00,469.124,-1.0,12.0,3.0,29.945,59.0,100.375,-1.0,0.0,0.46619791666666666,96.75,59.625,8,224,2021,32,1
2021-08-12 13:00:00,470.812,-1.0,13.0,3.0,29.90875,57.875,101.75,-1.0,0.0,0.4805208333333333,98.75,58.25,8,224,2021,32,1
2021-08-12 14:00:00,470.92499999999995,-1.0,14.0,3.0,29.8825,56.375,103.0,-1.0,0.0,0.4935416666666666,100.375,55.875,8,224,2021,32,1
2021-08-12 15:00:00,466.313,-1.0,15.0,3.0,29.86625,57.0,103.0,-1.0,0.0,0.4935416666666666,100.625,52.875,8,224,2021,32,1
2021-08-12 16:00:00,460.237,-1.0,16.0,3.0,29.86,57.75,102.25,-1.0,0.0,0.48572916666666666,99.25,52.875,8,224,2021,32,1
2021-08-12 17:00:00,123.974,-1.0,17.0,3.0,29.86,59.0,100.625,-1.0,0.0,0.4688020833333333,96.875,57.125,8,224,2021,32,1
2021-08-12 18:00:00,110.475,-1.0,18.0,3.0,29.8825,58.25,97.375,-1.0,0.0,0.43494791666666666,94.25,59.0,8,224,2021,32,1
2021-08-12 19:00:00,114.975,-1.0,19.0,3.0,29.93125,56.25,91.875,-1.0,0.0,0.37765625,92.625,58.625,8,224,2021,32,1
2021-08-12 20:00:00,113.287,-1.0,20.0,3.0,29.95,54.25,90.375,-1.0,0.0,0.36203124999999997,91.25,58.0,8,224,2021,32,1
2021-08-12 21:00:00,113.399,-1.0,21.0,3.0,29.9425,55.625,91.0,-1.0,0.0,0.3685416666666666,89.25,58.75,8,224,2021,32,1
2021-08-12 22:00:00,110.587,-1.0,22.0,3.0,29.94125,60.375,90.625,-1.0,0.0,0.36463541666666666,87.625,59.625,8,224,2021,32,1
2021-08-12 23:00:00,114.749,-1.0,23.0,3.0,29.95625,61.0,88.5,-1.0,0.0,0.34249999999999997,87.0,59.0,8,224,2021,32,1
2021-08-13 00:00:00,223.2,-1.0,0.0,4.0,29.95,61.375,85.625,-1.0,0.0,0.3125520833333333,87.0,58.625,8,225,2021,32,1
2021-08-13 01:00:00,250.2,-1.0,1.0,4.0,29.95375,62.0,85.0,-1.0,0.0,0.3060416666666666,85.875,59.125,8,225,2021,32,1
2021-08-13 02:00:00,253.913,-1.0,2.0,4.0,29.96375,62.375,84.625,-1.0,0.0,0.30213541666666666,84.0,61.375,8,225,2021,32,1
2021-08-13 03:00:00,255.488,-1.0,3.0,4.0,29.9775,63.0,83.625,-1.0,0.0,0.29171874999999997,83.625,62.0,8,225,2021,32,1
2021-08-13 04:00:00,516.601,-1.0,4.0,4.0,29.997500000000002,62.625,83.375,-1.0,0.0,0.2891145833333333,83.375,62.375,8,225,2021,32,1
2021-08-13 05:00:00,518.625,-1.0,5.0,4.0,30.017500000000002,62.0,85.125,-1.0,0.0,0.30734375,84.75,63.0,8,225,2021,32,1
2021-08-13 06:00:00,476.21299999999997,-1.0,6.0,4.0,30.03375,62.375,87.375,-1.0,0.0,0.33078124999999997,86.375,63.0,8,225,2021,32,1
2021-08-13 07:00:00,458.437,-1.0,7.0,4.0,30.04,62.625,89.125,-1.0,0.0,0.3490104166666666,87.0,63.0,8,225,2021,32,1
2021-08-13 08:00:00,461.7,-1.0,8.0,4.0,30.04,61.25,91.375,-1.0,0.0,0.37244791666666666,88.5,62.625,8,225,2021,32,1
2021-08-13 09:00:00,461.025,-1.0,9.0,4.0,30.03625,59.625,93.875,-1.0,0.0,0.3984895833333333,91.75,62.0,8,225,2021,32,1
2021-08-13 10:00:00,451.799,-1.0,10.0,4.0,30.02625,60.125,97.0,-1.0,0.0,0.4310416666666666,94.125,60.875,8,225,2021,32,1
2021-08-13 11:00:00,454.5,-1.0,11.0,4.0,30.02,61.625,97.75,-1.0,0.0,0.43885416666666666,97.5,59.0,8,225,2021,32,1
2021-08-13 12:00:00,460.688,-1.0,12.0,4.0,30.0125,60.625,99.75,-1.0,0.0,0.45968749999999997,100.375,59.0,8,225,2021,32,1
2021-08-13 13:00:00,466.087,-1.0,13.0,4.0,29.9925,60.375,100.625,-1.0,0.0,0.4688020833333333,101.75,57.875,8,225,2021,32,1
2021-08-13 14:00:00,464.737,-1.0,14.0,4.0,29.98,60.625,97.75,-1.0,0.0,0.4388541666666666,103.0,56.375,8,225,2021,32,1
2021-08-13 15:00:00,452.36400000000003,-1.0,15.0,4.0,29.9725,57.0,94.75,-1.0,0.0,0.40760416666666666,103.0,57.0,8,225,2021,32,1
2021-08-13 16:00:00,448.874,-1.0,16.0,4.0,29.96,53.125,95.625,-1.0,0.0,0.41671874999999997,102.25,57.75,8,225,2021,32,1
2021-08-13 17:00:00,120.149,-1.0,17.0,4.0,29.9675,54.625,94.25,-1.0,0.0,0.4023958333333333,100.625,59.0,8,225,2021,32,1
2021-08-13 18:00:00,110.475,-1.0,18.0,4.0,29.99125,53.625,93.0,-1.0,0.0,0.389375,97.375,58.25,8,225,2021,32,1
2021-08-13 19:00:00,112.387,-1.0,19.0,4.0,30.017500000000002,53.375,92.625,-1.0,0.0,0.38546874999999997,91.875,56.25,8,225,2021,32,1
2021-08-13 20:00:00,115.425,-1.0,20.0,4.0,30.03,54.0,92.0,-1.0,0.0,0.3789583333333333,90.375,54.25,8,225,2021,32,1
2021-08-13 21:00:00,113.063,-1.0,21.0,4.0,30.03,53.625,91.625,-1.0,0.0,0.3750520833333333,91.0,55.625,8,225,2021,32,1
2021-08-13 22:00:00,112.501,-1.0,22.0,4.0,30.02625,53.0,90.625,-1.0,0.0,0.36463541666666666,90.625,60.375,8,225,2021,32,1
2021-08-13 23:00:00,110.924,-1.0,23.0,4.0,30.01625,53.0,89.625,-1.0,0.0,0.35421874999999997,88.5,61.0,8,225,2021,32,1
2021-08-14 00:00:00,115.089,-1.0,0.0,5.0,30.01375,53.75,88.25,-1.0,0.0,0.3398958333333333,85.625,61.375,8,226,2021,32,0
2021-08-14 01:00:00,111.937,-1.0,1.0,5.0,30.0275,55.0,86.625,-1.0,0.0,0.32296874999999997,85.0,62.0,8,226,2021,32,0
2021-08-14 02:00:00,113.513,-1.0,2.0,5.0,30.04,55.0,86.375,-1.0,0.0,0.3203645833333333,84.625,62.375,8,226,2021,32,0
2021-08-14 03:00:00,111.6,-1.0,3.0,5.0,30.0475,55.75,86.25,-1.0,0.0,0.31906249999999997,83.625,63.0,8,226,2021,32,0
2021-08-14 04:00:00,111.151,-1.0,4.0,5.0,30.06375,57.0,85.375,-1.0,0.0,0.30994791666666666,83.375,62.625,8,226,2021,32,0
2021-08-14 05:00:00,110.47399999999999,-1.0,5.0,5.0,30.07,57.75,86.375,-1.0,0.0,0.3203645833333333,85.125,62.0,8,226,2021,32,0
2021-08-14 06:00:00,108.0,-1.0,6.0,5.0,30.07,58.625,88.125,-1.0,0.0,0.33859375,87.375,62.375,8,226,2021,32,0
2021-08-14 07:00:00,106.425,-1.0,7.0,5.0,30.07,57.625,90.375,-1.0,0.0,0.36203124999999997,89.125,62.625,8,226,2021,32,0
2021-08-14 08:00:00,107.775,-1.0,8.0,5.0,30.07375,56.625,91.75,-1.0,0.0,0.37635416666666666,91.375,61.25,8,226,2021,32,0
2021-08-14 09:00:00,110.251,-1.0,9.0,5.0,30.072499999999998,56.0,94.125,-1.0,0.0,0.40109375,93.875,59.625,8,226,2021,32,0
2021-08-14 10:00:00,111.487,-1.0,10.0,5.0,30.052500000000002,55.25,97.125,-1.0,0.0,0.43234375,97.0,60.125,8,226,2021,32,0
2021-08-14 11:00:00,113.4,-1.0,11.0,5.0,30.0325,55.125,99.0,-1.0,0.0,0.451875,97.75,61.625,8,226,2021,32,0
2021-08-14 12:00:00,114.525,-1.0,12.0,5.0,30.0125,56.25,100.5,-1.0,0.0,0.46749999999999997,99.75,60.625,8,226,2021,32,0
2021-08-14 13:00:00,114.638,-1.0,13.0,5.0,29.98875,55.0,103.0,-1.0,0.0,0.4935416666666666,100.625,60.375,8,226,2021,32,0
2021-08-14 14:00:00,113.512,-1.0,14.0,5.0,29.95875,54.625,103.0,-1.0,0.0,0.4935416666666666,97.75,60.625,8,226,2021,32,0
2021-08-14 15:00:00,113.963,-1.0,15.0,5.0,29.93625,54.75,102.625,-1.0,0.0,0.48963541666666666,94.75,57.0,8,226,2021,32,0
2021-08-14 16:00:00,112.05,-1.0,16.0,5.0,29.93,56.375,101.625,-1.0,0.0,0.47921874999999997,95.625,53.125,8,226,2021,32,0
2021-08-14 17:00:00,111.037,-1.0,17.0,5.0,29.94125,56.625,100.25,-1.0,0.0,0.4648958333333333,94.25,54.625,8,226,2021,32,0
2021-08-14 18:00:00,111.15,-1.0,18.0,5.0,29.9675,56.375,98.25,-1.0,0.0,0.44406249999999997,93.0,53.625,8,226,2021,32,0
2021-08-14 19:00:00,115.313,-1.0,19.0,5.0,29.99125,57.375,96.625,-1.0,0.0,0.42713541666666666,92.625,53.375,8,226,2021,32,0
2021-08-14 20:00:00,113.85,-1.0,20.0,5.0,30.00625,57.625,95.625,-1.0,0.0,0.41671874999999997,92.0,54.0,8,226,2021,32,0
2021-08-14 21:00:00,116.213,-1.0,21.0,5.0,29.9925,57.375,95.0,-1.0,0.0,0.4102083333333333,91.625,53.625,8,226,2021,32,0
2021-08-14 22:00:00,114.18900000000001,-1.0,22.0,5.0,29.97625,58.375,93.875,-1.0,0.0,0.3984895833333333,90.625,53.0,8,226,2021,32,0
2021-08-14 23:00:00,113.286,-1.0,23.0,5.0,29.97,58.25,91.625,-1.0,0.0,0.3750520833333333,89.625,53.0,8,226,2021,32,0
2021-08-15 00:00:00,115.763,-1.0,0.0,6.0,29.97,57.375,90.625,-1.0,0.0,0.36463541666666666,88.25,53.75,8,227,2021,32,0
2021-08-15 01:00:00,113.287,-1.0,1.0,6.0,29.97,57.25,89.625,-1.0,0.0,0.35421874999999997,86.625,55.0,8,227,2021,32,0
2021-08-15 02:00:00,114.637,-1.0,2.0,6.0,29.97375,57.125,88.25,-1.0,0.0,0.3398958333333333,86.375,55.0,8,227,2021,32,0
2021-08-15 03:00:00,112.949,-1.0,3.0,6.0,29.9875,59.0,86.625,-1.0,0.0,0.32296874999999997,86.25,55.75,8,227,2021,32,0
2021-08-15 04:00:00,110.588,-1.0,4.0,6.0,30.0075,59.0,86.0,-1.0,0.0,0.3164583333333333,85.375,57.0,8,227,2021,32,0
2021-08-15 05:00:00,111.26400000000001,-1.0,5.0,6.0,30.02375,59.0,86.375,-1.0,0.0,0.3203645833333333,86.375,57.75,8,227,2021,32,0
2021-08-15 06:00:00,109.126,-1.0,6.0,6.0,30.03,59.375,87.375,-1.0,0.0,0.33078124999999997,88.125,58.625,8,227,2021,32,0
2021-08-15 07:00:00,103.83699999999999,-1.0,7.0,6.0,30.03,60.0,89.5,-1.0,0.0,0.35291666666666666,90.375,57.625,8,227,2021,32,0
2021-08-15 08:00:00,107.325,-1.0,8.0,6.0,30.02625,60.0,93.125,-1.0,0.0,0.3906770833333333,91.75,56.625,8,227,2021,32,0
2021-08-15 09:00:00,108.226,-1.0,9.0,6.0,30.00875,59.625,96.125,-1.0,0.0,0.4219270833333333,94.125,56.0,8,227,2021,32,0
2021-08-15 10:00:00,110.586,-1.0,10.0,6.0,29.97875,58.625,99.125,-1.0,0.0,0.4531770833333333,97.125,55.25,8,227,2021,32,0
2021-08-15 11:00:00,111.6,-1.0,11.0,6.0,29.94875,56.875,101.75,-1.0,0.0,0.4805208333333333,99.0,55.125,8,227,2021,32,0
2021-08-15 12:00:00,112.162,-1.0,12.0,6.0,29.91875,54.625,103.75,-1.0,0.0,0.5013541666666667,100.5,56.25,8,227,2021,32,0
2021-08-15 13:00:00,113.963,-1.0,13.0,6.0,29.884999999999998,52.875,105.0,-1.0,0.0,0.514375,103.0,55.0,8,227,2021,32,0
2021-08-15 14:00:00,115.312,-1.0,14.0,6.0,29.8525,49.5,105.75,-1.0,0.0,0.5221875,103.0,54.625,8,227,2021,32,0
2021-08-15 15:00:00,114.074,-1.0,15.0,6.0,29.8325,46.625,106.625,-1.0,0.0,0.5313020833333333,102.625,54.75,8,227,2021,32,0
2021-08-15 16:00:00,115.088,-1.0,16.0,6.0,29.81625,45.625,106.0,-1.0,0.0,0.5247916666666667,101.625,56.375,8,227,2021,32,0
2021-08-15 17:00:00,112.613,-1.0,17.0,6.0,29.81,45.75,104.875,-1.0,0.0,0.5130729166666667,100.25,56.625,8,227,2021,32,0
2021-08-15 18:00:00,114.187,-1.0,18.0,6.0,29.81,50.375,102.25,-1.0,0.0,0.48572916666666666,98.25,56.375,8,227,2021,32,0
2021-08-15 19:00:00,120.149,-1.0,19.0,6.0,29.81,54.125,101.0,-1.0,0.0,0.4727083333333333,96.625,57.375,8,227,2021,32,0
2021-08-15 20:00:00,114.525,-1.0,20.0,6.0,29.81375,54.0,99.5,-1.0,0.0,0.4570833333333333,95.625,57.625,8,227,2021,32,0
2021-08-15 21:00:00,118.23599999999999,-1.0,21.0,6.0,29.82375,57.875,97.375,-1.0,0.0,0.43494791666666666,95.0,57.375,8,227,2021,32,0
2021-08-15 22:00:00,117.45,-1.0,22.0,6.0,29.82625,57.125,97.25,-1.0,0.0,0.4336458333333333,93.875,58.375,8,227,2021,32,0
2021-08-15 23:00:00,116.549,-1.0,23.0,6.0,29.82375,59.375,95.25,-1.0,0.0,0.41281249999999997,91.625,58.25,8,227,2021,32,0
